split,m,k,policy,query_type,events,prediction_recall,candidate_coverage,mean_target_rank,median_target_rank,mean_candidate_universe,online_update_rate
dev,5,6,cosine,all,600,0.7833333333333333,1.0,13.755,3.0,1222.0,0.0
dev,5,6,cosine,multi-hop,300,0.77,1.0,13.59,3.0,1222.0,0.0
dev,5,6,cosine,semantic,150,0.9333333333333332,1.0,3.52,2.0,1222.0,0.0
dev,5,6,cosine,structural,150,0.66,1.0,24.32,4.0,1222.0,0.0
dev,5,6,offline,all,600,0.7783333333333333,0.98,4.520408163265306,4.0,21.016666666666666,0.0
dev,5,6,offline,multi-hop,300,0.7866666666666666,0.99,4.414141414141414,4.0,21.566666666666663,0.0
dev,5,6,offline,semantic,150,0.7,0.9933333333333332,5.624161073825503,5.0,21.15333333333333,0.0
dev,5,6,offline,structural,150,0.84,0.9466666666666668,3.584507042253521,3.0,19.78,0.0
dev,5,6,online,all,600,0.7966666666666666,0.98,4.869047619047619,4.0,21.016666666666666,0.1716666666666666
dev,5,6,online,multi-hop,300,0.7933333333333333,0.99,4.909090909090909,4.0,21.566666666666663,0.19
dev,5,6,online,semantic,150,0.8266666666666667,0.9933333333333332,4.973154362416107,4.0,21.15333333333333,0.1333333333333333
dev,5,6,online,structural,150,0.7733333333333333,0.9466666666666668,4.676056338028169,3.5,19.78,0.1733333333333333
dev,5,6,semantic_only,all,600,0.775,0.8066666666666666,2.7107438016528924,2.0,6.895,0.0
dev,5,6,semantic_only,multi-hop,300,0.7566666666666667,0.7866666666666666,2.7415254237288136,2.0,6.953333333333333,0.0
dev,5,6,semantic_only,semantic,150,0.94,0.9466666666666668,2.2464788732394365,2.0,7.013333333333334,0.0
dev,5,6,semantic_only,structural,150,0.6466666666666666,0.7066666666666667,3.2641509433962264,3.0,6.66,0.0
dev,5,6,structure,all,600,0.805,0.8133333333333334,3.112704918032787,3.0,7.155,0.0
dev,5,6,structure,multi-hop,300,0.7766666666666666,0.7866666666666666,3.0762711864406778,3.0,7.23,0.0
dev,5,6,structure,semantic,150,0.9466666666666668,0.9466666666666668,3.218309859154929,3.0,7.26,0.0
dev,5,6,structure,structural,150,0.72,0.7333333333333333,3.0545454545454547,3.0,6.9,0.0
dev,5,6,two_hop,all,600,0.7816666666666666,0.98,4.901360544217687,4.0,21.016666666666666,0.0
dev,5,6,two_hop,multi-hop,300,0.7733333333333333,0.99,4.946127946127946,4.0,21.566666666666663,0.0
dev,5,6,two_hop,semantic,150,0.8266666666666667,0.9933333333333332,4.610738255033557,4.0,21.15333333333333,0.0
dev,5,6,two_hop,structural,150,0.7533333333333333,0.9466666666666668,5.112676056338028,3.0,19.78,0.0
dev,5,10,cosine,all,600,0.8733333333333333,1.0,13.755,3.0,1222.0,0.0
dev,5,10,cosine,multi-hop,300,0.88,1.0,13.59,3.0,1222.0,0.0
dev,5,10,cosine,semantic,150,0.9733333333333334,1.0,3.52,2.0,1222.0,0.0
dev,5,10,cosine,structural,150,0.76,1.0,24.32,4.0,1222.0,0.0
dev,5,10,offline,all,600,0.9683333333333334,0.98,4.520408163265306,4.0,21.016666666666666,0.0
dev,5,10,offline,multi-hop,300,0.9833333333333332,0.99,4.414141414141414,4.0,21.566666666666663,0.0
dev,5,10,offline,semantic,150,0.98,0.9933333333333332,5.624161073825503,5.0,21.15333333333333,0.0
dev,5,10,offline,structural,150,0.9266666666666666,0.9466666666666668,3.584507042253521,3.0,19.78,0.0
dev,5,10,online,all,600,0.96,0.98,4.704081632653061,4.0,21.016666666666666,0.02
dev,5,10,online,multi-hop,300,0.97,0.99,4.65993265993266,4.0,21.566666666666663,0.02
dev,5,10,online,semantic,150,0.9733333333333334,0.9933333333333332,5.664429530201343,5.0,21.15333333333333,0.02
dev,5,10,online,structural,150,0.9266666666666666,0.9466666666666668,3.788732394366197,3.0,19.78,0.02
dev,5,10,semantic_only,all,600,0.8066666666666666,0.8066666666666666,2.7107438016528924,2.0,6.895,0.0
dev,5,10,semantic_only,multi-hop,300,0.7866666666666666,0.7866666666666666,2.7415254237288136,2.0,6.953333333333333,0.0
dev,5,10,semantic_only,semantic,150,0.9466666666666668,0.9466666666666668,2.2464788732394365,2.0,7.013333333333334,0.0
dev,5,10,semantic_only,structural,150,0.7066666666666667,0.7066666666666667,3.2641509433962264,3.0,6.66,0.0
dev,5,10,structure,all,600,0.8133333333333334,0.8133333333333334,3.112704918032787,3.0,7.155,0.0
dev,5,10,structure,multi-hop,300,0.7866666666666666,0.7866666666666666,3.0762711864406778,3.0,7.23,0.0
dev,5,10,structure,semantic,150,0.9466666666666668,0.9466666666666668,3.218309859154929,3.0,7.26,0.0
dev,5,10,structure,structural,150,0.7333333333333333,0.7333333333333333,3.0545454545454547,3.0,6.9,0.0
dev,5,10,two_hop,all,600,0.9283333333333332,0.98,4.901360544217687,4.0,21.016666666666666,0.0
dev,5,10,two_hop,multi-hop,300,0.9333333333333332,0.99,4.946127946127946,4.0,21.566666666666663,0.0
dev,5,10,two_hop,semantic,150,0.98,0.9933333333333332,4.610738255033557,4.0,21.15333333333333,0.0
dev,5,10,two_hop,structural,150,0.8666666666666667,0.9466666666666668,5.112676056338028,3.0,19.78,0.0
dev,5,16,cosine,all,600,0.9083333333333332,1.0,13.755,3.0,1222.0,0.0
dev,5,16,cosine,multi-hop,300,0.9066666666666666,1.0,13.59,3.0,1222.0,0.0
dev,5,16,cosine,semantic,150,0.98,1.0,3.52,2.0,1222.0,0.0
dev,5,16,cosine,structural,150,0.84,1.0,24.32,4.0,1222.0,0.0
dev,5,16,offline,all,600,0.98,0.98,4.520408163265306,4.0,21.016666666666666,0.0
dev,5,16,offline,multi-hop,300,0.99,0.99,4.414141414141414,4.0,21.566666666666663,0.0
dev,5,16,offline,semantic,150,0.9933333333333332,0.9933333333333332,5.624161073825503,5.0,21.15333333333333,0.0
dev,5,16,offline,structural,150,0.9466666666666668,0.9466666666666668,3.584507042253521,3.0,19.78,0.0
dev,5,16,online,all,600,0.98,0.98,4.520408163265306,4.0,21.016666666666666,0.0
dev,5,16,online,multi-hop,300,0.99,0.99,4.414141414141414,4.0,21.566666666666663,0.0
dev,5,16,online,semantic,150,0.9933333333333332,0.9933333333333332,5.624161073825503,5.0,21.15333333333333,0.0
dev,5,16,online,structural,150,0.9466666666666668,0.9466666666666668,3.584507042253521,3.0,19.78,0.0
dev,5,16,semantic_only,all,600,0.8066666666666666,0.8066666666666666,2.7107438016528924,2.0,6.895,0.0
dev,5,16,semantic_only,multi-hop,300,0.7866666666666666,0.7866666666666666,2.7415254237288136,2.0,6.953333333333333,0.0
dev,5,16,semantic_only,semantic,150,0.9466666666666668,0.9466666666666668,2.2464788732394365,2.0,7.013333333333334,0.0
dev,5,16,semantic_only,structural,150,0.7066666666666667,0.7066666666666667,3.2641509433962264,3.0,6.66,0.0
dev,5,16,structure,all,600,0.8133333333333334,0.8133333333333334,3.112704918032787,3.0,7.155,0.0
dev,5,16,structure,multi-hop,300,0.7866666666666666,0.7866666666666666,3.0762711864406778,3.0,7.23,0.0
dev,5,16,structure,semantic,150,0.9466666666666668,0.9466666666666668,3.218309859154929,3.0,7.26,0.0
dev,5,16,structure,structural,150,0.7333333333333333,0.7333333333333333,3.0545454545454547,3.0,6.9,0.0
dev,5,16,two_hop,all,600,0.9483333333333334,0.98,4.901360544217687,4.0,21.016666666666666,0.0
dev,5,16,two_hop,multi-hop,300,0.96,0.99,4.946127946127946,4.0,21.566666666666663,0.0
dev,5,16,two_hop,semantic,150,0.9866666666666668,0.9933333333333332,4.610738255033557,4.0,21.15333333333333,0.0
dev,5,16,two_hop,structural,150,0.8866666666666667,0.9466666666666668,5.112676056338028,3.0,19.78,0.0
dev,10,6,cosine,all,600,0.7833333333333333,1.0,13.755,3.0,1222.0,0.0
dev,10,6,cosine,multi-hop,300,0.77,1.0,13.59,3.0,1222.0,0.0
dev,10,6,cosine,semantic,150,0.9333333333333332,1.0,3.52,2.0,1222.0,0.0
dev,10,6,cosine,structural,150,0.66,1.0,24.32,4.0,1222.0,0.0
dev,10,6,offline,all,600,0.7983333333333333,1.0,4.58,4.0,62.88,0.0
dev,10,6,offline,multi-hop,300,0.8166666666666667,1.0,4.376666666666667,4.0,63.53333333333333,0.0
dev,10,6,offline,semantic,150,0.6733333333333333,1.0,5.866666666666666,5.0,62.973333333333336,0.0
dev,10,6,offline,structural,150,0.8866666666666667,1.0,3.7,3.0,61.48,0.0
dev,10,6,online,all,600,0.7966666666666666,1.0,5.963333333333333,4.0,62.88,0.2033333333333333
dev,10,6,online,multi-hop,300,0.8,1.0,6.376666666666667,4.0,63.53333333333333,0.2
dev,10,6,online,semantic,150,0.8133333333333334,1.0,4.9,4.0,62.973333333333336,0.1866666666666666
dev,10,6,online,structural,150,0.7733333333333333,1.0,6.2,4.0,61.48,0.2266666666666666
dev,10,6,semantic_only,all,600,0.7833333333333333,0.9016666666666666,3.434380776340111,3.0,12.745,0.0
dev,10,6,semantic_only,multi-hop,300,0.77,0.9033333333333332,3.5867158671586714,3.0,12.636666666666668,0.0
dev,10,6,semantic_only,semantic,150,0.9333333333333332,0.9866666666666668,2.554054054054054,2.0,13.213333333333331,0.0
dev,10,6,semantic_only,structural,150,0.66,0.8133333333333334,4.163934426229508,3.0,12.493333333333334,0.0
dev,10,6,structure,all,600,0.8566666666666667,0.905,3.500920810313076,3.0,12.881666666666666,0.0
dev,10,6,structure,multi-hop,300,0.8466666666666667,0.9033333333333332,3.5424354243542435,3.0,12.79,0.0
dev,10,6,structure,semantic,150,0.98,0.9866666666666668,3.3986486486486487,4.0,13.333333333333334,0.0
dev,10,6,structure,structural,150,0.7533333333333333,0.8266666666666667,3.532258064516129,3.0,12.613333333333332,0.0
dev,10,6,two_hop,all,600,0.7816666666666666,1.0,5.718333333333334,4.0,62.88,0.0
dev,10,6,two_hop,multi-hop,300,0.7866666666666666,1.0,6.05,4.0,63.53333333333333,0.0
dev,10,6,two_hop,semantic,150,0.8,1.0,4.9,4.0,62.973333333333336,0.0
dev,10,6,two_hop,structural,150,0.7533333333333333,1.0,5.873333333333333,4.0,61.48,0.0
dev,10,10,cosine,all,600,0.8733333333333333,1.0,13.755,3.0,1222.0,0.0
dev,10,10,cosine,multi-hop,300,0.88,1.0,13.59,3.0,1222.0,0.0
dev,10,10,cosine,semantic,150,0.9733333333333334,1.0,3.52,2.0,1222.0,0.0
dev,10,10,cosine,structural,150,0.76,1.0,24.32,4.0,1222.0,0.0
dev,10,10,offline,all,600,0.9716666666666668,1.0,4.58,4.0,62.88,0.0
dev,10,10,offline,multi-hop,300,0.9766666666666668,1.0,4.376666666666667,4.0,63.53333333333333,0.0
dev,10,10,offline,semantic,150,0.96,1.0,5.866666666666666,5.0,62.973333333333336,0.0
dev,10,10,offline,structural,150,0.9733333333333334,1.0,3.7,3.0,61.48,0.0
dev,10,10,online,all,600,0.9616666666666668,1.0,4.783333333333333,4.0,62.88,0.0383333333333333
dev,10,10,online,multi-hop,300,0.96,1.0,4.623333333333333,4.0,63.53333333333333,0.04
dev,10,10,online,semantic,150,0.96,1.0,5.526666666666666,5.0,62.973333333333336,0.04
dev,10,10,online,structural,150,0.9666666666666668,1.0,4.36,3.0,61.48,0.0333333333333333
dev,10,10,semantic_only,all,600,0.8733333333333333,0.9016666666666666,3.434380776340111,3.0,12.745,0.0
dev,10,10,semantic_only,multi-hop,300,0.88,0.9033333333333332,3.5867158671586714,3.0,12.636666666666668,0.0
dev,10,10,semantic_only,semantic,150,0.9733333333333334,0.9866666666666668,2.554054054054054,2.0,13.213333333333331,0.0
dev,10,10,semantic_only,structural,150,0.76,0.8133333333333334,4.163934426229508,3.0,12.493333333333334,0.0
dev,10,10,structure,all,600,0.8983333333333333,0.905,3.500920810313076,3.0,12.881666666666666,0.0
dev,10,10,structure,multi-hop,300,0.8966666666666666,0.9033333333333332,3.5424354243542435,3.0,12.79,0.0
dev,10,10,structure,semantic,150,0.9866666666666668,0.9866666666666668,3.3986486486486487,4.0,13.333333333333334,0.0
dev,10,10,structure,structural,150,0.8133333333333334,0.8266666666666667,3.532258064516129,3.0,12.613333333333332,0.0
dev,10,10,two_hop,all,600,0.9283333333333332,1.0,5.718333333333334,4.0,62.88,0.0
dev,10,10,two_hop,multi-hop,300,0.9266666666666666,1.0,6.05,4.0,63.53333333333333,0.0
dev,10,10,two_hop,semantic,150,0.9533333333333334,1.0,4.9,4.0,62.973333333333336,0.0
dev,10,10,two_hop,structural,150,0.9066666666666666,1.0,5.873333333333333,4.0,61.48,0.0
dev,10,16,cosine,all,600,0.9083333333333332,1.0,13.755,3.0,1222.0,0.0
dev,10,16,cosine,multi-hop,300,0.9066666666666666,1.0,13.59,3.0,1222.0,0.0
dev,10,16,cosine,semantic,150,0.98,1.0,3.52,2.0,1222.0,0.0
dev,10,16,cosine,structural,150,0.84,1.0,24.32,4.0,1222.0,0.0
dev,10,16,offline,all,600,0.9966666666666668,1.0,4.58,4.0,62.88,0.0
dev,10,16,offline,multi-hop,300,1.0,1.0,4.376666666666667,4.0,63.53333333333333,0.0
dev,10,16,offline,semantic,150,0.9933333333333332,1.0,5.866666666666666,5.0,62.973333333333336,0.0
dev,10,16,offline,structural,150,0.9933333333333332,1.0,3.7,3.0,61.48,0.0
dev,10,16,online,all,600,0.9966666666666668,1.0,4.578333333333333,4.0,62.88,0.0033333333333333
dev,10,16,online,multi-hop,300,1.0,1.0,4.383333333333334,4.0,63.53333333333333,0.0
dev,10,16,online,semantic,150,0.9933333333333332,1.0,5.82,5.0,62.973333333333336,0.0066666666666666
dev,10,16,online,structural,150,0.9933333333333332,1.0,3.7266666666666666,3.0,61.48,0.0066666666666666
dev,10,16,semantic_only,all,600,0.895,0.9016666666666666,3.434380776340111,3.0,12.745,0.0
dev,10,16,semantic_only,multi-hop,300,0.8933333333333333,0.9033333333333332,3.5867158671586714,3.0,12.636666666666668,0.0
dev,10,16,semantic_only,semantic,150,0.9866666666666668,0.9866666666666668,2.554054054054054,2.0,13.213333333333331,0.0
dev,10,16,semantic_only,structural,150,0.8066666666666666,0.8133333333333334,4.163934426229508,3.0,12.493333333333334,0.0
dev,10,16,structure,all,600,0.905,0.905,3.500920810313076,3.0,12.881666666666666,0.0
dev,10,16,structure,multi-hop,300,0.9033333333333332,0.9033333333333332,3.5424354243542435,3.0,12.79,0.0
dev,10,16,structure,semantic,150,0.9866666666666668,0.9866666666666668,3.3986486486486487,4.0,13.333333333333334,0.0
dev,10,16,structure,structural,150,0.8266666666666667,0.8266666666666667,3.532258064516129,3.0,12.613333333333332,0.0
dev,10,16,two_hop,all,600,0.965,1.0,5.718333333333334,4.0,62.88,0.0
dev,10,16,two_hop,multi-hop,300,0.9566666666666668,1.0,6.05,4.0,63.53333333333333,0.0
dev,10,16,two_hop,semantic,150,0.9866666666666668,1.0,4.9,4.0,62.973333333333336,0.0
dev,10,16,two_hop,structural,150,0.96,1.0,5.873333333333333,4.0,61.48,0.0
dev,15,6,cosine,all,600,0.7833333333333333,1.0,13.755,3.0,1222.0,0.0
dev,15,6,cosine,multi-hop,300,0.77,1.0,13.59,3.0,1222.0,0.0
dev,15,6,cosine,semantic,150,0.9333333333333332,1.0,3.52,2.0,1222.0,0.0
dev,15,6,cosine,structural,150,0.66,1.0,24.32,4.0,1222.0,0.0
dev,15,6,offline,all,600,0.8066666666666666,1.0,4.526666666666666,4.0,132.71333333333334,0.0
dev,15,6,offline,multi-hop,300,0.8233333333333334,1.0,4.343333333333334,4.0,133.99666666666667,0.0
dev,15,6,offline,semantic,150,0.68,1.0,5.786666666666667,5.0,131.42666666666668,0.0
dev,15,6,offline,structural,150,0.9,1.0,3.633333333333333,3.0,131.43333333333334,0.0
dev,15,6,online,all,600,0.7983333333333333,1.0,4.955,4.0,132.71333333333334,0.2016666666666666
dev,15,6,online,multi-hop,300,0.8066666666666666,1.0,5.116666666666666,4.0,133.99666666666667,0.1933333333333333
dev,15,6,online,semantic,150,0.7466666666666667,1.0,5.26,5.0,131.42666666666668,0.2533333333333333
dev,15,6,online,structural,150,0.8333333333333334,1.0,4.326666666666667,3.0,131.43333333333334,0.1666666666666666
dev,15,6,semantic_only,all,600,0.7833333333333333,0.92,3.7028985507246377,3.0,19.436666666666667,0.0
dev,15,6,semantic_only,multi-hop,300,0.77,0.92,3.8659420289855073,3.0,19.216666666666665,0.0
dev,15,6,semantic_only,semantic,150,0.9333333333333332,0.9866666666666668,2.581081081081081,2.0,20.19333333333333,0.0
dev,15,6,semantic_only,structural,150,0.66,0.8533333333333334,4.6484375,3.0,19.12,0.0
dev,15,6,structure,all,600,0.8666666666666667,0.9216666666666666,3.602169981916817,3.0,19.55666666666667,0.0
dev,15,6,structure,multi-hop,300,0.8566666666666667,0.92,3.652173913043478,3.0,19.346666666666668,0.0
dev,15,6,structure,semantic,150,0.98,0.9866666666666668,3.418918918918919,4.0,20.30666666666667,0.0
dev,15,6,structure,structural,150,0.7733333333333333,0.86,3.705426356589147,3.0,19.226666666666667,0.0
dev,15,6,two_hop,all,600,0.7816666666666666,1.0,5.585,4.0,132.71333333333334,0.0
dev,15,6,two_hop,multi-hop,300,0.7866666666666666,1.0,6.116666666666666,4.0,133.99666666666667,0.0
dev,15,6,two_hop,semantic,150,0.8,1.0,4.806666666666667,4.0,131.42666666666668,0.0
dev,15,6,two_hop,structural,150,0.7533333333333333,1.0,5.3,4.0,131.43333333333334,0.0
dev,15,10,cosine,all,600,0.8733333333333333,1.0,13.755,3.0,1222.0,0.0
dev,15,10,cosine,multi-hop,300,0.88,1.0,13.59,3.0,1222.0,0.0
dev,15,10,cosine,semantic,150,0.9733333333333334,1.0,3.52,2.0,1222.0,0.0
dev,15,10,cosine,structural,150,0.76,1.0,24.32,4.0,1222.0,0.0
dev,15,10,offline,all,600,0.9766666666666668,1.0,4.526666666666666,4.0,132.71333333333334,0.0
dev,15,10,offline,multi-hop,300,0.9766666666666668,1.0,4.343333333333334,4.0,133.99666666666667,0.0
dev,15,10,offline,semantic,150,0.9666666666666668,1.0,5.786666666666667,5.0,131.42666666666668,0.0
dev,15,10,offline,structural,150,0.9866666666666668,1.0,3.633333333333333,3.0,131.43333333333334,0.0
dev,15,10,online,all,600,0.9766666666666668,1.0,4.495,4.0,132.71333333333334,0.0233333333333333
dev,15,10,online,multi-hop,300,0.9766666666666668,1.0,4.3133333333333335,4.0,133.99666666666667,0.0233333333333333
dev,15,10,online,semantic,150,0.9666666666666668,1.0,5.653333333333333,5.0,131.42666666666668,0.0333333333333333
dev,15,10,online,structural,150,0.9866666666666668,1.0,3.7,3.0,131.43333333333334,0.0133333333333333
dev,15,10,semantic_only,all,600,0.8733333333333333,0.92,3.7028985507246377,3.0,19.436666666666667,0.0
dev,15,10,semantic_only,multi-hop,300,0.88,0.92,3.8659420289855073,3.0,19.216666666666665,0.0
dev,15,10,semantic_only,semantic,150,0.9733333333333334,0.9866666666666668,2.581081081081081,2.0,20.19333333333333,0.0
dev,15,10,semantic_only,structural,150,0.76,0.8533333333333334,4.6484375,3.0,19.12,0.0
dev,15,10,structure,all,600,0.91,0.9216666666666666,3.602169981916817,3.0,19.55666666666667,0.0
dev,15,10,structure,multi-hop,300,0.9066666666666666,0.92,3.652173913043478,3.0,19.346666666666668,0.0
dev,15,10,structure,semantic,150,0.98,0.9866666666666668,3.418918918918919,4.0,20.30666666666667,0.0
dev,15,10,structure,structural,150,0.8466666666666667,0.86,3.705426356589147,3.0,19.226666666666667,0.0
dev,15,10,two_hop,all,600,0.94,1.0,5.585,4.0,132.71333333333334,0.0
dev,15,10,two_hop,multi-hop,300,0.9433333333333334,1.0,6.116666666666666,4.0,133.99666666666667,0.0
dev,15,10,two_hop,semantic,150,0.9666666666666668,1.0,4.806666666666667,4.0,131.42666666666668,0.0
dev,15,10,two_hop,structural,150,0.9066666666666666,1.0,5.3,4.0,131.43333333333334,0.0
dev,15,16,cosine,all,600,0.9083333333333332,1.0,13.755,3.0,1222.0,0.0
dev,15,16,cosine,multi-hop,300,0.9066666666666666,1.0,13.59,3.0,1222.0,0.0
dev,15,16,cosine,semantic,150,0.98,1.0,3.52,2.0,1222.0,0.0
dev,15,16,cosine,structural,150,0.84,1.0,24.32,4.0,1222.0,0.0
dev,15,16,offline,all,600,0.9983333333333332,1.0,4.526666666666666,4.0,132.71333333333334,0.0
dev,15,16,offline,multi-hop,300,1.0,1.0,4.343333333333334,4.0,133.99666666666667,0.0
dev,15,16,offline,semantic,150,1.0,1.0,5.786666666666667,5.0,131.42666666666668,0.0
dev,15,16,offline,structural,150,0.9933333333333332,1.0,3.633333333333333,3.0,131.43333333333334,0.0
dev,15,16,online,all,600,0.9983333333333332,1.0,4.526666666666666,4.0,132.71333333333334,0.0016666666666666
dev,15,16,online,multi-hop,300,1.0,1.0,4.343333333333334,4.0,133.99666666666667,0.0
dev,15,16,online,semantic,150,1.0,1.0,5.786666666666667,5.0,131.42666666666668,0.0
dev,15,16,online,structural,150,0.9933333333333332,1.0,3.633333333333333,3.0,131.43333333333334,0.0066666666666666
dev,15,16,semantic_only,all,600,0.9066666666666666,0.92,3.7028985507246377,3.0,19.436666666666667,0.0
dev,15,16,semantic_only,multi-hop,300,0.9033333333333332,0.92,3.8659420289855073,3.0,19.216666666666665,0.0
dev,15,16,semantic_only,semantic,150,0.98,0.9866666666666668,2.581081081081081,2.0,20.19333333333333,0.0
dev,15,16,semantic_only,structural,150,0.84,0.8533333333333334,4.6484375,3.0,19.12,0.0
dev,15,16,structure,all,600,0.9166666666666666,0.9216666666666666,3.602169981916817,3.0,19.55666666666667,0.0
dev,15,16,structure,multi-hop,300,0.9133333333333332,0.92,3.652173913043478,3.0,19.346666666666668,0.0
dev,15,16,structure,semantic,150,0.9866666666666668,0.9866666666666668,3.418918918918919,4.0,20.30666666666667,0.0
dev,15,16,structure,structural,150,0.8533333333333334,0.86,3.705426356589147,3.0,19.226666666666667,0.0
dev,15,16,two_hop,all,600,0.9733333333333334,1.0,5.585,4.0,132.71333333333334,0.0
dev,15,16,two_hop,multi-hop,300,0.97,1.0,6.116666666666666,4.0,133.99666666666667,0.0
dev,15,16,two_hop,semantic,150,0.9933333333333332,1.0,4.806666666666667,4.0,131.42666666666668,0.0
dev,15,16,two_hop,structural,150,0.96,1.0,5.3,4.0,131.43333333333334,0.0
dev,20,6,cosine,all,600,0.7833333333333333,1.0,13.755,3.0,1222.0,0.0
dev,20,6,cosine,multi-hop,300,0.77,1.0,13.59,3.0,1222.0,0.0
dev,20,6,cosine,semantic,150,0.9333333333333332,1.0,3.52,2.0,1222.0,0.0
dev,20,6,cosine,structural,150,0.66,1.0,24.32,4.0,1222.0,0.0
dev,20,6,offline,all,600,0.8083333333333333,1.0,4.513333333333334,4.0,211.4333333333333,0.0
dev,20,6,offline,multi-hop,300,0.8266666666666667,1.0,4.34,4.0,214.4833333333333,0.0
dev,20,6,offline,semantic,150,0.6733333333333333,1.0,5.82,5.0,208.30666666666667,0.0
dev,20,6,offline,structural,150,0.9066666666666666,1.0,3.553333333333333,3.0,208.46,0.0
dev,20,6,online,all,600,0.805,1.0,4.788333333333333,4.0,211.4333333333333,0.195
dev,20,6,online,multi-hop,300,0.81,1.0,4.816666666666666,4.0,214.4833333333333,0.19
dev,20,6,online,semantic,150,0.7466666666666667,1.0,5.293333333333333,5.0,208.30666666666667,0.2533333333333333
dev,20,6,online,structural,150,0.8533333333333334,1.0,4.226666666666667,3.0,208.46,0.1466666666666666
dev,20,6,semantic_only,all,600,0.7833333333333333,0.93,3.8960573476702502,3.0,25.935,0.0
dev,20,6,semantic_only,multi-hop,300,0.77,0.93,4.064516129032258,3.0,25.88,0.0
dev,20,6,semantic_only,semantic,150,0.9333333333333332,0.9866666666666668,2.5878378378378377,2.0,26.76,0.0
dev,20,6,semantic_only,structural,150,0.66,0.8733333333333333,5.015267175572519,3.0,25.22,0.0
dev,20,6,structure,all,600,0.8733333333333333,0.9316666666666666,3.649373881932021,3.0,26.031666666666663,0.0
dev,20,6,structure,multi-hop,300,0.8633333333333333,0.93,3.684587813620072,3.0,25.99333333333333,0.0
dev,20,6,structure,semantic,150,0.98,0.9866666666666668,3.425675675675676,4.0,26.84,0.0
dev,20,6,structure,structural,150,0.7866666666666666,0.88,3.825757575757576,3.5,25.3,0.0
dev,20,6,two_hop,all,600,0.7816666666666666,1.0,5.411666666666667,4.0,211.4333333333333,0.0
dev,20,6,two_hop,multi-hop,300,0.7866666666666666,1.0,5.77,4.0,214.4833333333333,0.0
dev,20,6,two_hop,semantic,150,0.8,1.0,4.806666666666667,4.0,208.30666666666667,0.0
dev,20,6,two_hop,structural,150,0.7533333333333333,1.0,5.3,4.0,208.46,0.0
dev,20,10,cosine,all,600,0.8733333333333333,1.0,13.755,3.0,1222.0,0.0
dev,20,10,cosine,multi-hop,300,0.88,1.0,13.59,3.0,1222.0,0.0
dev,20,10,cosine,semantic,150,0.9733333333333334,1.0,3.52,2.0,1222.0,0.0
dev,20,10,cosine,structural,150,0.76,1.0,24.32,4.0,1222.0,0.0
dev,20,10,offline,all,600,0.9766666666666668,1.0,4.513333333333334,4.0,211.4333333333333,0.0
dev,20,10,offline,multi-hop,300,0.9766666666666668,1.0,4.34,4.0,214.4833333333333,0.0
dev,20,10,offline,semantic,150,0.9666666666666668,1.0,5.82,5.0,208.30666666666667,0.0
dev,20,10,offline,structural,150,0.9866666666666668,1.0,3.553333333333333,3.0,208.46,0.0
dev,20,10,online,all,600,0.975,1.0,4.475,4.0,211.4333333333333,0.025
dev,20,10,online,multi-hop,300,0.9733333333333334,1.0,4.323333333333333,4.0,214.4833333333333,0.0266666666666666
dev,20,10,online,semantic,150,0.9666666666666668,1.0,5.666666666666667,5.0,208.30666666666667,0.0333333333333333
dev,20,10,online,structural,150,0.9866666666666668,1.0,3.5866666666666664,3.0,208.46,0.0133333333333333
dev,20,10,semantic_only,all,600,0.8733333333333333,0.93,3.8960573476702502,3.0,25.935,0.0
dev,20,10,semantic_only,multi-hop,300,0.88,0.93,4.064516129032258,3.0,25.88,0.0
dev,20,10,semantic_only,semantic,150,0.9733333333333334,0.9866666666666668,2.5878378378378377,2.0,26.76,0.0
dev,20,10,semantic_only,structural,150,0.76,0.8733333333333333,5.015267175572519,3.0,25.22,0.0
dev,20,10,structure,all,600,0.92,0.9316666666666666,3.649373881932021,3.0,26.031666666666663,0.0
dev,20,10,structure,multi-hop,300,0.9166666666666666,0.93,3.684587813620072,3.0,25.99333333333333,0.0
dev,20,10,structure,semantic,150,0.98,0.9866666666666668,3.425675675675676,4.0,26.84,0.0
dev,20,10,structure,structural,150,0.8666666666666667,0.88,3.825757575757576,3.5,25.3,0.0
dev,20,10,two_hop,all,600,0.94,1.0,5.411666666666667,4.0,211.4333333333333,0.0
dev,20,10,two_hop,multi-hop,300,0.9433333333333334,1.0,5.77,4.0,214.4833333333333,0.0
dev,20,10,two_hop,semantic,150,0.9666666666666668,1.0,4.806666666666667,4.0,208.30666666666667,0.0
dev,20,10,two_hop,structural,150,0.9066666666666666,1.0,5.3,4.0,208.46,0.0
dev,20,16,cosine,all,600,0.9083333333333332,1.0,13.755,3.0,1222.0,0.0
dev,20,16,cosine,multi-hop,300,0.9066666666666666,1.0,13.59,3.0,1222.0,0.0
dev,20,16,cosine,semantic,150,0.98,1.0,3.52,2.0,1222.0,0.0
dev,20,16,cosine,structural,150,0.84,1.0,24.32,4.0,1222.0,0.0
dev,20,16,offline,all,600,1.0,1.0,4.513333333333334,4.0,211.4333333333333,0.0
dev,20,16,offline,multi-hop,300,1.0,1.0,4.34,4.0,214.4833333333333,0.0
dev,20,16,offline,semantic,150,1.0,1.0,5.82,5.0,208.30666666666667,0.0
dev,20,16,offline,structural,150,1.0,1.0,3.553333333333333,3.0,208.46,0.0
dev,20,16,online,all,600,1.0,1.0,4.513333333333334,4.0,211.4333333333333,0.0
dev,20,16,online,multi-hop,300,1.0,1.0,4.34,4.0,214.4833333333333,0.0
dev,20,16,online,semantic,150,1.0,1.0,5.82,5.0,208.30666666666667,0.0
dev,20,16,online,structural,150,1.0,1.0,3.553333333333333,3.0,208.46,0.0
dev,20,16,semantic_only,all,600,0.9083333333333332,0.93,3.8960573476702502,3.0,25.935,0.0
dev,20,16,semantic_only,multi-hop,300,0.9066666666666666,0.93,4.064516129032258,3.0,25.88,0.0
dev,20,16,semantic_only,semantic,150,0.98,0.9866666666666668,2.5878378378378377,2.0,26.76,0.0
dev,20,16,semantic_only,structural,150,0.84,0.8733333333333333,5.015267175572519,3.0,25.22,0.0
dev,20,16,structure,all,600,0.9266666666666666,0.9316666666666666,3.649373881932021,3.0,26.031666666666663,0.0
dev,20,16,structure,multi-hop,300,0.9233333333333332,0.93,3.684587813620072,3.0,25.99333333333333,0.0
dev,20,16,structure,semantic,150,0.9866666666666668,0.9866666666666668,3.425675675675676,4.0,26.84,0.0
dev,20,16,structure,structural,150,0.8733333333333333,0.88,3.825757575757576,3.5,25.3,0.0
dev,20,16,two_hop,all,600,0.9733333333333334,1.0,5.411666666666667,4.0,211.4333333333333,0.0
dev,20,16,two_hop,multi-hop,300,0.97,1.0,5.77,4.0,214.4833333333333,0.0
dev,20,16,two_hop,semantic,150,0.9933333333333332,1.0,4.806666666666667,4.0,208.30666666666667,0.0
dev,20,16,two_hop,structural,150,0.96,1.0,5.3,4.0,208.46,0.0
dev,25,6,cosine,all,600,0.7833333333333333,1.0,13.755,3.0,1222.0,0.0
dev,25,6,cosine,multi-hop,300,0.77,1.0,13.59,3.0,1222.0,0.0
dev,25,6,cosine,semantic,150,0.9333333333333332,1.0,3.52,2.0,1222.0,0.0
dev,25,6,cosine,structural,150,0.66,1.0,24.32,4.0,1222.0,0.0
dev,25,6,offline,all,600,0.8083333333333333,1.0,4.501666666666667,4.0,291.9033333333333,0.0
dev,25,6,offline,multi-hop,300,0.8266666666666667,1.0,4.34,4.0,295.7866666666667,0.0
dev,25,6,offline,semantic,150,0.6733333333333333,1.0,5.82,5.0,287.48,0.0
dev,25,6,offline,structural,150,0.9066666666666666,1.0,3.506666666666667,3.0,288.56,0.0
dev,25,6,online,all,600,0.805,1.0,4.6866666666666665,4.0,291.9033333333333,0.195
dev,25,6,online,multi-hop,300,0.81,1.0,4.76,4.0,295.7866666666667,0.19
dev,25,6,online,semantic,150,0.7466666666666667,1.0,5.293333333333333,5.0,287.48,0.2533333333333333
dev,25,6,online,structural,150,0.8533333333333334,1.0,3.933333333333333,3.0,288.56,0.1466666666666666
dev,25,6,semantic_only,all,600,0.7833333333333333,0.9333333333333332,3.992857142857143,3.0,32.08833333333333,0.0
dev,25,6,semantic_only,multi-hop,300,0.77,0.9366666666666666,4.231316725978648,3.0,32.13666666666666,0.0
dev,25,6,semantic_only,semantic,150,0.9333333333333332,0.9866666666666668,2.5878378378378377,2.0,32.88,0.0
dev,25,6,semantic_only,structural,150,0.66,0.8733333333333333,5.068702290076335,3.0,31.2,0.0
dev,25,6,structure,all,600,0.8733333333333333,0.935,3.6737967914438494,3.0,32.163333333333334,0.0
dev,25,6,structure,multi-hop,300,0.8633333333333333,0.9366666666666666,3.715302491103203,3.0,32.233333333333334,0.0
dev,25,6,structure,semantic,150,0.98,0.9866666666666668,3.425675675675676,4.0,32.92666666666667,0.0
dev,25,6,structure,structural,150,0.7866666666666666,0.88,3.863636363636364,3.5,31.26,0.0
dev,25,6,two_hop,all,600,0.7816666666666666,1.0,5.32,4.0,291.9033333333333,0.0
dev,25,6,two_hop,multi-hop,300,0.7866666666666666,1.0,5.733333333333333,4.0,295.7866666666667,0.0
dev,25,6,two_hop,semantic,150,0.8,1.0,4.806666666666667,4.0,287.48,0.0
dev,25,6,two_hop,structural,150,0.7533333333333333,1.0,5.006666666666667,4.0,288.56,0.0
dev,25,10,cosine,all,600,0.8733333333333333,1.0,13.755,3.0,1222.0,0.0
dev,25,10,cosine,multi-hop,300,0.88,1.0,13.59,3.0,1222.0,0.0
dev,25,10,cosine,semantic,150,0.9733333333333334,1.0,3.52,2.0,1222.0,0.0
dev,25,10,cosine,structural,150,0.76,1.0,24.32,4.0,1222.0,0.0
dev,25,10,offline,all,600,0.9783333333333334,1.0,4.501666666666667,4.0,291.9033333333333,0.0
dev,25,10,offline,multi-hop,300,0.9766666666666668,1.0,4.34,4.0,295.7866666666667,0.0
dev,25,10,offline,semantic,150,0.9666666666666668,1.0,5.82,5.0,287.48,0.0
dev,25,10,offline,structural,150,0.9933333333333332,1.0,3.506666666666667,3.0,288.56,0.0
dev,25,10,online,all,600,0.9766666666666668,1.0,4.458333333333333,4.0,291.9033333333333,0.0233333333333333
dev,25,10,online,multi-hop,300,0.9733333333333334,1.0,4.323333333333333,4.0,295.7866666666667,0.0266666666666666
dev,25,10,online,semantic,150,0.9666666666666668,1.0,5.666666666666667,5.0,287.48,0.0333333333333333
dev,25,10,online,structural,150,0.9933333333333332,1.0,3.52,3.0,288.56,0.0066666666666666
dev,25,10,semantic_only,all,600,0.8733333333333333,0.9333333333333332,3.992857142857143,3.0,32.08833333333333,0.0
dev,25,10,semantic_only,multi-hop,300,0.88,0.9366666666666666,4.231316725978648,3.0,32.13666666666666,0.0
dev,25,10,semantic_only,semantic,150,0.9733333333333334,0.9866666666666668,2.5878378378378377,2.0,32.88,0.0
dev,25,10,semantic_only,structural,150,0.76,0.8733333333333333,5.068702290076335,3.0,31.2,0.0
dev,25,10,structure,all,600,0.9233333333333332,0.935,3.6737967914438494,3.0,32.163333333333334,0.0
dev,25,10,structure,multi-hop,300,0.9233333333333332,0.9366666666666666,3.715302491103203,3.0,32.233333333333334,0.0
dev,25,10,structure,semantic,150,0.98,0.9866666666666668,3.425675675675676,4.0,32.92666666666667,0.0
dev,25,10,structure,structural,150,0.8666666666666667,0.88,3.863636363636364,3.5,31.26,0.0
dev,25,10,two_hop,all,600,0.94,1.0,5.32,4.0,291.9033333333333,0.0
dev,25,10,two_hop,multi-hop,300,0.9433333333333334,1.0,5.733333333333333,4.0,295.7866666666667,0.0
dev,25,10,two_hop,semantic,150,0.9666666666666668,1.0,4.806666666666667,4.0,287.48,0.0
dev,25,10,two_hop,structural,150,0.9066666666666666,1.0,5.006666666666667,4.0,288.56,0.0
dev,25,16,cosine,all,600,0.9083333333333332,1.0,13.755,3.0,1222.0,0.0
dev,25,16,cosine,multi-hop,300,0.9066666666666666,1.0,13.59,3.0,1222.0,0.0
dev,25,16,cosine,semantic,150,0.98,1.0,3.52,2.0,1222.0,0.0
dev,25,16,cosine,structural,150,0.84,1.0,24.32,4.0,1222.0,0.0
dev,25,16,offline,all,600,1.0,1.0,4.501666666666667,4.0,291.9033333333333,0.0
dev,25,16,offline,multi-hop,300,1.0,1.0,4.34,4.0,295.7866666666667,0.0
dev,25,16,offline,semantic,150,1.0,1.0,5.82,5.0,287.48,0.0
dev,25,16,offline,structural,150,1.0,1.0,3.506666666666667,3.0,288.56,0.0
dev,25,16,online,all,600,1.0,1.0,4.501666666666667,4.0,291.9033333333333,0.0
dev,25,16,online,multi-hop,300,1.0,1.0,4.34,4.0,295.7866666666667,0.0
dev,25,16,online,semantic,150,1.0,1.0,5.82,5.0,287.48,0.0
dev,25,16,online,structural,150,1.0,1.0,3.506666666666667,3.0,288.56,0.0
dev,25,16,semantic_only,all,600,0.9083333333333332,0.9333333333333332,3.992857142857143,3.0,32.08833333333333,0.0
dev,25,16,semantic_only,multi-hop,300,0.9066666666666666,0.9366666666666666,4.231316725978648,3.0,32.13666666666666,0.0
dev,25,16,semantic_only,semantic,150,0.98,0.9866666666666668,2.5878378378378377,2.0,32.88,0.0
dev,25,16,semantic_only,structural,150,0.84,0.8733333333333333,5.068702290076335,3.0,31.2,0.0
dev,25,16,structure,all,600,0.93,0.935,3.6737967914438494,3.0,32.163333333333334,0.0
dev,25,16,structure,multi-hop,300,0.93,0.9366666666666666,3.715302491103203,3.0,32.233333333333334,0.0
dev,25,16,structure,semantic,150,0.9866666666666668,0.9866666666666668,3.425675675675676,4.0,32.92666666666667,0.0
dev,25,16,structure,structural,150,0.8733333333333333,0.88,3.863636363636364,3.5,31.26,0.0
dev,25,16,two_hop,all,600,0.9733333333333334,1.0,5.32,4.0,291.9033333333333,0.0
dev,25,16,two_hop,multi-hop,300,0.97,1.0,5.733333333333333,4.0,295.7866666666667,0.0
dev,25,16,two_hop,semantic,150,0.9933333333333332,1.0,4.806666666666667,4.0,287.48,0.0
dev,25,16,two_hop,structural,150,0.96,1.0,5.006666666666667,4.0,288.56,0.0
dev,30,6,cosine,all,600,0.7833333333333333,1.0,13.755,3.0,1222.0,0.0
dev,30,6,cosine,multi-hop,300,0.77,1.0,13.59,3.0,1222.0,0.0
dev,30,6,cosine,semantic,150,0.9333333333333332,1.0,3.52,2.0,1222.0,0.0
dev,30,6,cosine,structural,150,0.66,1.0,24.32,4.0,1222.0,0.0
dev,30,6,offline,all,600,0.8116666666666666,1.0,4.495,4.0,371.1983333333333,0.0
dev,30,6,offline,multi-hop,300,0.83,1.0,4.33,4.0,375.28333333333336,0.0
dev,30,6,offline,semantic,150,0.6733333333333333,1.0,5.826666666666667,5.0,364.9666666666666,0.0
dev,30,6,offline,structural,150,0.9133333333333332,1.0,3.493333333333333,3.0,369.26,0.0
dev,30,6,online,all,600,0.8016666666666666,1.0,4.623333333333333,4.0,371.1983333333333,0.1983333333333333
dev,30,6,online,multi-hop,300,0.8066666666666666,1.0,4.6866666666666665,4.0,375.28333333333336,0.1933333333333333
dev,30,6,online,semantic,150,0.7466666666666667,1.0,5.286666666666667,5.0,364.9666666666666,0.2533333333333333
dev,30,6,online,structural,150,0.8466666666666667,1.0,3.8333333333333335,3.0,369.26,0.1533333333333333
dev,30,6,semantic_only,all,600,0.7833333333333333,0.9366666666666666,4.1387900355871885,3.0,38.208333333333336,0.0
dev,30,6,semantic_only,multi-hop,300,0.77,0.9433333333333334,4.501766784452297,3.0,38.36333333333334,0.0
dev,30,6,semantic_only,semantic,150,0.9333333333333332,0.9866666666666668,2.5878378378378377,2.0,38.9,0.0
dev,30,6,semantic_only,structural,150,0.66,0.8733333333333333,5.106870229007634,3.0,37.20666666666666,0.0
dev,30,6,structure,all,600,0.8733333333333333,0.9383333333333334,3.705150976909414,3.0,38.27666666666666,0.0
dev,30,6,structure,multi-hop,300,0.8633333333333333,0.9433333333333334,3.763250883392226,3.0,38.45666666666666,0.0
dev,30,6,structure,semantic,150,0.98,0.9866666666666668,3.425675675675676,4.0,38.94,0.0
dev,30,6,structure,structural,150,0.7866666666666666,0.88,3.893939393939394,3.5,37.25333333333333,0.0
dev,30,6,two_hop,all,600,0.7816666666666666,1.0,5.236666666666666,4.0,371.1983333333333,0.0
dev,30,6,two_hop,multi-hop,300,0.7866666666666666,1.0,5.6466666666666665,4.0,375.28333333333336,0.0
dev,30,6,two_hop,semantic,150,0.8,1.0,4.806666666666667,4.0,364.9666666666666,0.0
dev,30,6,two_hop,structural,150,0.7533333333333333,1.0,4.846666666666667,4.0,369.26,0.0
dev,30,10,cosine,all,600,0.8733333333333333,1.0,13.755,3.0,1222.0,0.0
dev,30,10,cosine,multi-hop,300,0.88,1.0,13.59,3.0,1222.0,0.0
dev,30,10,cosine,semantic,150,0.9733333333333334,1.0,3.52,2.0,1222.0,0.0
dev,30,10,cosine,structural,150,0.76,1.0,24.32,4.0,1222.0,0.0
dev,30,10,offline,all,600,0.9783333333333334,1.0,4.495,4.0,371.1983333333333,0.0
dev,30,10,offline,multi-hop,300,0.9766666666666668,1.0,4.33,4.0,375.28333333333336,0.0
dev,30,10,offline,semantic,150,0.9666666666666668,1.0,5.826666666666667,5.0,364.9666666666666,0.0
dev,30,10,offline,structural,150,0.9933333333333332,1.0,3.493333333333333,3.0,369.26,0.0
dev,30,10,online,all,600,0.9766666666666668,1.0,4.453333333333333,4.0,371.1983333333333,0.0233333333333333
dev,30,10,online,multi-hop,300,0.9733333333333334,1.0,4.3133333333333335,4.0,375.28333333333336,0.0266666666666666
dev,30,10,online,semantic,150,0.9666666666666668,1.0,5.673333333333333,5.0,364.9666666666666,0.0333333333333333
dev,30,10,online,structural,150,0.9933333333333332,1.0,3.513333333333333,3.0,369.26,0.0066666666666666
dev,30,10,semantic_only,all,600,0.8733333333333333,0.9366666666666666,4.1387900355871885,3.0,38.208333333333336,0.0
dev,30,10,semantic_only,multi-hop,300,0.88,0.9433333333333334,4.501766784452297,3.0,38.36333333333334,0.0
dev,30,10,semantic_only,semantic,150,0.9733333333333334,0.9866666666666668,2.5878378378378377,2.0,38.9,0.0
dev,30,10,semantic_only,structural,150,0.76,0.8733333333333333,5.106870229007634,3.0,37.20666666666666,0.0
dev,30,10,structure,all,600,0.925,0.9383333333333334,3.705150976909414,3.0,38.27666666666666,0.0
dev,30,10,structure,multi-hop,300,0.9266666666666666,0.9433333333333334,3.763250883392226,3.0,38.45666666666666,0.0
dev,30,10,structure,semantic,150,0.98,0.9866666666666668,3.425675675675676,4.0,38.94,0.0
dev,30,10,structure,structural,150,0.8666666666666667,0.88,3.893939393939394,3.5,37.25333333333333,0.0
dev,30,10,two_hop,all,600,0.9433333333333334,1.0,5.236666666666666,4.0,371.1983333333333,0.0
dev,30,10,two_hop,multi-hop,300,0.9466666666666668,1.0,5.6466666666666665,4.0,375.28333333333336,0.0
dev,30,10,two_hop,semantic,150,0.9666666666666668,1.0,4.806666666666667,4.0,364.9666666666666,0.0
dev,30,10,two_hop,structural,150,0.9133333333333332,1.0,4.846666666666667,4.0,369.26,0.0
dev,30,16,cosine,all,600,0.9083333333333332,1.0,13.755,3.0,1222.0,0.0
dev,30,16,cosine,multi-hop,300,0.9066666666666666,1.0,13.59,3.0,1222.0,0.0
dev,30,16,cosine,semantic,150,0.98,1.0,3.52,2.0,1222.0,0.0
dev,30,16,cosine,structural,150,0.84,1.0,24.32,4.0,1222.0,0.0
dev,30,16,offline,all,600,1.0,1.0,4.495,4.0,371.1983333333333,0.0
dev,30,16,offline,multi-hop,300,1.0,1.0,4.33,4.0,375.28333333333336,0.0
dev,30,16,offline,semantic,150,1.0,1.0,5.826666666666667,5.0,364.9666666666666,0.0
dev,30,16,offline,structural,150,1.0,1.0,3.493333333333333,3.0,369.26,0.0
dev,30,16,online,all,600,1.0,1.0,4.495,4.0,371.1983333333333,0.0
dev,30,16,online,multi-hop,300,1.0,1.0,4.33,4.0,375.28333333333336,0.0
dev,30,16,online,semantic,150,1.0,1.0,5.826666666666667,5.0,364.9666666666666,0.0
dev,30,16,online,structural,150,1.0,1.0,3.493333333333333,3.0,369.26,0.0
dev,30,16,semantic_only,all,600,0.9083333333333332,0.9366666666666666,4.1387900355871885,3.0,38.208333333333336,0.0
dev,30,16,semantic_only,multi-hop,300,0.9066666666666666,0.9433333333333334,4.501766784452297,3.0,38.36333333333334,0.0
dev,30,16,semantic_only,semantic,150,0.98,0.9866666666666668,2.5878378378378377,2.0,38.9,0.0
dev,30,16,semantic_only,structural,150,0.84,0.8733333333333333,5.106870229007634,3.0,37.20666666666666,0.0
dev,30,16,structure,all,600,0.9333333333333332,0.9383333333333334,3.705150976909414,3.0,38.27666666666666,0.0
dev,30,16,structure,multi-hop,300,0.9366666666666666,0.9433333333333334,3.763250883392226,3.0,38.45666666666666,0.0
dev,30,16,structure,semantic,150,0.9866666666666668,0.9866666666666668,3.425675675675676,4.0,38.94,0.0
dev,30,16,structure,structural,150,0.8733333333333333,0.88,3.893939393939394,3.5,37.25333333333333,0.0
dev,30,16,two_hop,all,600,0.9766666666666668,1.0,5.236666666666666,4.0,371.1983333333333,0.0
dev,30,16,two_hop,multi-hop,300,0.9733333333333334,1.0,5.6466666666666665,4.0,375.28333333333336,0.0
dev,30,16,two_hop,semantic,150,0.9933333333333332,1.0,4.806666666666667,4.0,364.9666666666666,0.0
dev,30,16,two_hop,structural,150,0.9666666666666668,1.0,4.846666666666667,4.0,369.26,0.0
test,5,6,cosine,all,600,0.685,1.0,24.826666666666668,4.0,1222.0,0.0
test,5,6,cosine,multi-hop,300,0.6833333333333333,1.0,20.883333333333333,4.0,1222.0,0.0
test,5,6,cosine,semantic,150,0.8466666666666667,1.0,8.553333333333333,3.0,1222.0,0.0
test,5,6,cosine,structural,150,0.5266666666666666,1.0,48.986666666666665,6.0,1222.0,0.0
test,5,6,offline,all,600,0.76,0.9633333333333334,5.181660899653979,4.0,22.381666666666668,0.0
test,5,6,offline,multi-hop,300,0.7666666666666667,0.98,5.054421768707483,4.0,22.1,0.0
test,5,6,offline,semantic,150,0.6466666666666666,0.9333333333333332,7.0285714285714285,5.0,22.5,0.0
test,5,6,offline,structural,150,0.86,0.96,3.6458333333333335,3.0,22.826666666666668,0.0
test,5,6,online,all,600,0.7433333333333333,0.9633333333333334,6.150519031141869,4.0,22.381666666666668,0.2166666666666666
test,5,6,online,multi-hop,300,0.7633333333333333,0.98,5.605442176870748,4.0,22.1,0.2133333333333333
test,5,6,online,semantic,150,0.6866666666666666,0.9333333333333332,6.6,5.0,22.5,0.24
test,5,6,online,structural,150,0.76,0.96,6.826388888888889,4.0,22.826666666666668,0.2
test,5,6,semantic_only,all,600,0.6933333333333334,0.73,3.015981735159817,3.0,6.903333333333333,0.0
test,5,6,semantic_only,multi-hop,300,0.6966666666666667,0.7333333333333333,3.145454545454545,3.0,6.81,0.0
test,5,6,semantic_only,semantic,150,0.8466666666666667,0.8466666666666667,2.4330708661417324,2.0,7.06,0.0
test,5,6,semantic_only,structural,150,0.5333333333333333,0.6066666666666667,3.5164835164835164,3.0,6.933333333333334,0.0
test,5,6,structure,all,600,0.7116666666666667,0.745,3.3758389261744965,3.0,7.238333333333333,0.0
test,5,6,structure,multi-hop,300,0.7166666666666667,0.7333333333333333,3.422727272727273,3.0,7.173333333333333,0.0
test,5,6,structure,semantic,150,0.8333333333333334,0.8466666666666667,3.4330708661417324,3.0,7.333333333333333,0.0
test,5,6,structure,structural,150,0.58,0.6666666666666666,3.2,3.0,7.273333333333333,0.0
test,5,6,two_hop,all,600,0.7333333333333333,0.9633333333333334,6.70242214532872,4.0,22.381666666666668,0.0
test,5,6,two_hop,multi-hop,300,0.7466666666666667,0.98,6.295918367346939,4.0,22.1,0.0
test,5,6,two_hop,semantic,150,0.7066666666666667,0.9333333333333332,6.385714285714286,4.0,22.5,0.0
test,5,6,two_hop,structural,150,0.7333333333333333,0.96,7.840277777777778,3.5,22.826666666666668,0.0
test,5,10,cosine,all,600,0.805,1.0,24.826666666666668,4.0,1222.0,0.0
test,5,10,cosine,multi-hop,300,0.84,1.0,20.883333333333333,4.0,1222.0,0.0
test,5,10,cosine,semantic,150,0.86,1.0,8.553333333333333,3.0,1222.0,0.0
test,5,10,cosine,structural,150,0.68,1.0,48.986666666666665,6.0,1222.0,0.0
test,5,10,offline,all,600,0.9366666666666666,0.9633333333333334,5.181660899653979,4.0,22.381666666666668,0.0
test,5,10,offline,multi-hop,300,0.9633333333333334,0.98,5.054421768707483,4.0,22.1,0.0
test,5,10,offline,semantic,150,0.88,0.9333333333333332,7.0285714285714285,5.0,22.5,0.0
test,5,10,offline,structural,150,0.94,0.96,3.6458333333333335,3.0,22.826666666666668,0.0
test,5,10,online,all,600,0.9183333333333332,0.9633333333333334,5.496539792387543,4.0,22.381666666666668,0.0433333333333333
test,5,10,online,multi-hop,300,0.9333333333333332,0.98,5.435374149659864,4.0,22.1,0.0466666666666666
test,5,10,online,semantic,150,0.86,0.9333333333333332,7.1,5.0,22.5,0.0666666666666666
test,5,10,online,structural,150,0.9466666666666668,0.96,4.0625,3.0,22.826666666666668,0.0133333333333333
test,5,10,semantic_only,all,600,0.73,0.73,3.015981735159817,3.0,6.903333333333333,0.0
test,5,10,semantic_only,multi-hop,300,0.7333333333333333,0.7333333333333333,3.145454545454545,3.0,6.81,0.0
test,5,10,semantic_only,semantic,150,0.8466666666666667,0.8466666666666667,2.4330708661417324,2.0,7.06,0.0
test,5,10,semantic_only,structural,150,0.6066666666666667,0.6066666666666667,3.5164835164835164,3.0,6.933333333333334,0.0
test,5,10,structure,all,600,0.7416666666666667,0.745,3.3758389261744965,3.0,7.238333333333333,0.0
test,5,10,structure,multi-hop,300,0.7333333333333333,0.7333333333333333,3.422727272727273,3.0,7.173333333333333,0.0
test,5,10,structure,semantic,150,0.8466666666666667,0.8466666666666667,3.4330708661417324,3.0,7.333333333333333,0.0
test,5,10,structure,structural,150,0.6533333333333333,0.6666666666666666,3.2,3.0,7.273333333333333,0.0
test,5,10,two_hop,all,600,0.8516666666666667,0.9633333333333334,6.70242214532872,4.0,22.381666666666668,0.0
test,5,10,two_hop,multi-hop,300,0.87,0.98,6.295918367346939,4.0,22.1,0.0
test,5,10,two_hop,semantic,150,0.86,0.9333333333333332,6.385714285714286,4.0,22.5,0.0
test,5,10,two_hop,structural,150,0.8066666666666666,0.96,7.840277777777778,3.5,22.826666666666668,0.0
test,5,16,cosine,all,600,0.8533333333333334,1.0,24.826666666666668,4.0,1222.0,0.0
test,5,16,cosine,multi-hop,300,0.8833333333333333,1.0,20.883333333333333,4.0,1222.0,0.0
test,5,16,cosine,semantic,150,0.9,1.0,8.553333333333333,3.0,1222.0,0.0
test,5,16,cosine,structural,150,0.7466666666666667,1.0,48.986666666666665,6.0,1222.0,0.0
test,5,16,offline,all,600,0.9433333333333334,0.9633333333333334,5.181660899653979,4.0,22.381666666666668,0.0
test,5,16,offline,multi-hop,300,0.9666666666666668,0.98,5.054421768707483,4.0,22.1,0.0
test,5,16,offline,semantic,150,0.88,0.9333333333333332,7.0285714285714285,5.0,22.5,0.0
test,5,16,offline,structural,150,0.96,0.96,3.6458333333333335,3.0,22.826666666666668,0.0
test,5,16,online,all,600,0.9533333333333334,0.9633333333333334,5.060553633217993,4.0,22.381666666666668,0.01
test,5,16,online,multi-hop,300,0.97,0.98,5.051020408163265,4.0,22.1,0.01
test,5,16,online,semantic,150,0.9133333333333332,0.9333333333333332,6.885714285714286,6.0,22.5,0.02
test,5,16,online,structural,150,0.96,0.96,3.305555555555556,3.0,22.826666666666668,0.0
test,5,16,semantic_only,all,600,0.73,0.73,3.015981735159817,3.0,6.903333333333333,0.0
test,5,16,semantic_only,multi-hop,300,0.7333333333333333,0.7333333333333333,3.145454545454545,3.0,6.81,0.0
test,5,16,semantic_only,semantic,150,0.8466666666666667,0.8466666666666667,2.4330708661417324,2.0,7.06,0.0
test,5,16,semantic_only,structural,150,0.6066666666666667,0.6066666666666667,3.5164835164835164,3.0,6.933333333333334,0.0
test,5,16,structure,all,600,0.745,0.745,3.3758389261744965,3.0,7.238333333333333,0.0
test,5,16,structure,multi-hop,300,0.7333333333333333,0.7333333333333333,3.422727272727273,3.0,7.173333333333333,0.0
test,5,16,structure,semantic,150,0.8466666666666667,0.8466666666666667,3.4330708661417324,3.0,7.333333333333333,0.0
test,5,16,structure,structural,150,0.6666666666666666,0.6666666666666666,3.2,3.0,7.273333333333333,0.0
test,5,16,two_hop,all,600,0.88,0.9633333333333334,6.70242214532872,4.0,22.381666666666668,0.0
test,5,16,two_hop,multi-hop,300,0.9033333333333332,0.98,6.295918367346939,4.0,22.1,0.0
test,5,16,two_hop,semantic,150,0.8666666666666667,0.9333333333333332,6.385714285714286,4.0,22.5,0.0
test,5,16,two_hop,structural,150,0.8466666666666667,0.96,7.840277777777778,3.5,22.826666666666668,0.0
test,10,6,cosine,all,600,0.685,1.0,24.826666666666668,4.0,1222.0,0.0
test,10,6,cosine,multi-hop,300,0.6833333333333333,1.0,20.883333333333333,4.0,1222.0,0.0
test,10,6,cosine,semantic,150,0.8466666666666667,1.0,8.553333333333333,3.0,1222.0,0.0
test,10,6,cosine,structural,150,0.5266666666666666,1.0,48.986666666666665,6.0,1222.0,0.0
test,10,6,offline,all,600,0.7916666666666666,0.9766666666666668,5.544368600682594,4.0,64.95666666666666,0.0
test,10,6,offline,multi-hop,300,0.8266666666666667,0.9833333333333332,4.511864406779661,4.0,63.45666666666666,0.0
test,10,6,offline,semantic,150,0.6466666666666666,0.9666666666666668,9.06206896551724,5.0,65.49333333333334,0.0
test,10,6,offline,structural,150,0.8666666666666667,0.9733333333333334,4.136986301369863,3.0,67.42,0.0
test,10,6,online,all,600,0.7433333333333333,0.9766666666666668,8.15358361774744,4.0,64.95666666666666,0.2316666666666666
test,10,6,online,multi-hop,300,0.7766666666666666,0.9833333333333332,6.884745762711864,4.0,63.45666666666666,0.2033333333333333
test,10,6,online,semantic,150,0.6933333333333334,0.9666666666666668,8.4,5.0,65.49333333333334,0.2733333333333333
test,10,6,online,structural,150,0.7266666666666667,0.9733333333333334,10.472602739726028,4.0,67.42,0.2466666666666666
test,10,6,semantic_only,all,600,0.685,0.8316666666666667,3.85370741482966,3.0,12.831666666666669,0.0
test,10,6,semantic_only,multi-hop,300,0.6833333333333333,0.8633333333333333,4.111969111969112,3.0,12.74,0.0
test,10,6,semantic_only,semantic,150,0.8466666666666667,0.8666666666666667,2.5923076923076924,2.0,12.693333333333332,0.0
test,10,6,semantic_only,structural,150,0.5266666666666666,0.7333333333333333,4.736363636363636,4.0,13.153333333333334,0.0
test,10,6,structure,all,600,0.775,0.8416666666666667,3.766336633663366,4.0,12.981666666666667,0.0
test,10,6,structure,multi-hop,300,0.8066666666666666,0.8633333333333333,3.833976833976834,4.0,12.88,0.0
test,10,6,structure,semantic,150,0.8466666666666667,0.8666666666666667,3.5846153846153848,4.0,12.846666666666666,0.0
test,10,6,structure,structural,150,0.64,0.7733333333333333,3.818965517241379,3.0,13.32,0.0
test,10,6,two_hop,all,600,0.7483333333333333,0.9766666666666668,8.143344709897612,4.0,64.95666666666666,0.0
test,10,6,two_hop,multi-hop,300,0.7633333333333333,0.9833333333333332,7.027118644067796,4.0,63.45666666666666,0.0
test,10,6,two_hop,semantic,150,0.72,0.9666666666666668,7.958620689655173,5.0,65.49333333333334,0.0
test,10,6,two_hop,structural,150,0.7466666666666667,0.9733333333333334,10.582191780821915,3.0,67.42,0.0
test,10,10,cosine,all,600,0.805,1.0,24.826666666666668,4.0,1222.0,0.0
test,10,10,cosine,multi-hop,300,0.84,1.0,20.883333333333333,4.0,1222.0,0.0
test,10,10,cosine,semantic,150,0.86,1.0,8.553333333333333,3.0,1222.0,0.0
test,10,10,cosine,structural,150,0.68,1.0,48.986666666666665,6.0,1222.0,0.0
test,10,10,offline,all,600,0.945,0.9766666666666668,5.544368600682594,4.0,64.95666666666666,0.0
test,10,10,offline,multi-hop,300,0.9733333333333334,0.9833333333333332,4.511864406779661,4.0,63.45666666666666,0.0
test,10,10,offline,semantic,150,0.8933333333333333,0.9666666666666668,9.06206896551724,5.0,65.49333333333334,0.0
test,10,10,offline,structural,150,0.94,0.9733333333333334,4.136986301369863,3.0,67.42,0.0
test,10,10,online,all,600,0.9333333333333332,0.9766666666666668,6.090443686006826,4.0,64.95666666666666,0.0433333333333333
test,10,10,online,multi-hop,300,0.9566666666666668,0.9833333333333332,5.284745762711864,4.0,63.45666666666666,0.0266666666666666
test,10,10,online,semantic,150,0.9,0.9666666666666668,8.675862068965516,5.0,65.49333333333334,0.0666666666666666
test,10,10,online,structural,150,0.92,0.9733333333333334,5.1506849315068495,3.0,67.42,0.0533333333333333
test,10,10,semantic_only,all,600,0.805,0.8316666666666667,3.85370741482966,3.0,12.831666666666669,0.0
test,10,10,semantic_only,multi-hop,300,0.84,0.8633333333333333,4.111969111969112,3.0,12.74,0.0
test,10,10,semantic_only,semantic,150,0.86,0.8666666666666667,2.5923076923076924,2.0,12.693333333333332,0.0
test,10,10,semantic_only,structural,150,0.68,0.7333333333333333,4.736363636363636,4.0,13.153333333333334,0.0
test,10,10,structure,all,600,0.8316666666666667,0.8416666666666667,3.766336633663366,4.0,12.981666666666667,0.0
test,10,10,structure,multi-hop,300,0.8633333333333333,0.8633333333333333,3.833976833976834,4.0,12.88,0.0
test,10,10,structure,semantic,150,0.8666666666666667,0.8666666666666667,3.5846153846153848,4.0,12.846666666666666,0.0
test,10,10,structure,structural,150,0.7333333333333333,0.7733333333333333,3.818965517241379,3.0,13.32,0.0
test,10,10,two_hop,all,600,0.8833333333333333,0.9766666666666668,8.143344709897612,4.0,64.95666666666666,0.0
test,10,10,two_hop,multi-hop,300,0.91,0.9833333333333332,7.027118644067796,4.0,63.45666666666666,0.0
test,10,10,two_hop,semantic,150,0.8733333333333333,0.9666666666666668,7.958620689655173,5.0,65.49333333333334,0.0
test,10,10,two_hop,structural,150,0.84,0.9733333333333334,10.582191780821915,3.0,67.42,0.0
test,10,16,cosine,all,600,0.8533333333333334,1.0,24.826666666666668,4.0,1222.0,0.0
test,10,16,cosine,multi-hop,300,0.8833333333333333,1.0,20.883333333333333,4.0,1222.0,0.0
test,10,16,cosine,semantic,150,0.9,1.0,8.553333333333333,3.0,1222.0,0.0
test,10,16,cosine,structural,150,0.7466666666666667,1.0,48.986666666666665,6.0,1222.0,0.0
test,10,16,offline,all,600,0.9533333333333334,0.9766666666666668,5.544368600682594,4.0,64.95666666666666,0.0
test,10,16,offline,multi-hop,300,0.98,0.9833333333333332,4.511864406779661,4.0,63.45666666666666,0.0
test,10,16,offline,semantic,150,0.9066666666666666,0.9666666666666668,9.06206896551724,5.0,65.49333333333334,0.0
test,10,16,offline,structural,150,0.9466666666666668,0.9733333333333334,4.136986301369863,3.0,67.42,0.0
test,10,16,online,all,600,0.9333333333333332,0.9766666666666668,6.933447098976109,4.0,64.95666666666666,0.0433333333333333
test,10,16,online,multi-hop,300,0.96,0.9833333333333332,6.016949152542373,4.0,63.45666666666666,0.0233333333333333
test,10,16,online,semantic,150,0.9,0.9666666666666668,8.406896551724138,5.0,65.49333333333334,0.0666666666666666
test,10,16,online,structural,150,0.9133333333333332,0.9733333333333334,7.321917808219178,3.0,67.42,0.06
test,10,16,semantic_only,all,600,0.83,0.8316666666666667,3.85370741482966,3.0,12.831666666666669,0.0
test,10,16,semantic_only,multi-hop,300,0.8633333333333333,0.8633333333333333,4.111969111969112,3.0,12.74,0.0
test,10,16,semantic_only,semantic,150,0.8666666666666667,0.8666666666666667,2.5923076923076924,2.0,12.693333333333332,0.0
test,10,16,semantic_only,structural,150,0.7266666666666667,0.7333333333333333,4.736363636363636,4.0,13.153333333333334,0.0
test,10,16,structure,all,600,0.8416666666666667,0.8416666666666667,3.766336633663366,4.0,12.981666666666667,0.0
test,10,16,structure,multi-hop,300,0.8633333333333333,0.8633333333333333,3.833976833976834,4.0,12.88,0.0
test,10,16,structure,semantic,150,0.8666666666666667,0.8666666666666667,3.5846153846153848,4.0,12.846666666666666,0.0
test,10,16,structure,structural,150,0.7733333333333333,0.7733333333333333,3.818965517241379,3.0,13.32,0.0
test,10,16,two_hop,all,600,0.9166666666666666,0.9766666666666668,8.143344709897612,4.0,64.95666666666666,0.0
test,10,16,two_hop,multi-hop,300,0.9433333333333334,0.9833333333333332,7.027118644067796,4.0,63.45666666666666,0.0
test,10,16,two_hop,semantic,150,0.8933333333333333,0.9666666666666668,7.958620689655173,5.0,65.49333333333334,0.0
test,10,16,two_hop,structural,150,0.8866666666666667,0.9733333333333334,10.582191780821915,3.0,67.42,0.0
test,15,6,cosine,all,600,0.685,1.0,24.826666666666668,4.0,1222.0,0.0
test,15,6,cosine,multi-hop,300,0.6833333333333333,1.0,20.883333333333333,4.0,1222.0,0.0
test,15,6,cosine,semantic,150,0.8466666666666667,1.0,8.553333333333333,3.0,1222.0,0.0
test,15,6,cosine,structural,150,0.5266666666666666,1.0,48.986666666666665,6.0,1222.0,0.0
test,15,6,offline,all,600,0.8,0.9833333333333332,5.816949152542373,4.0,133.36333333333334,0.0
test,15,6,offline,multi-hop,300,0.8333333333333334,0.9833333333333332,4.389830508474576,4.0,130.18333333333334,0.0
test,15,6,offline,semantic,150,0.6466666666666666,0.98,10.054421768707485,6.0,135.91333333333333,0.0
test,15,6,offline,structural,150,0.8866666666666667,0.9866666666666668,4.452702702702703,3.0,137.17333333333335,0.0
test,15,6,online,all,600,0.77,0.9833333333333332,6.9932203389830505,4.0,133.36333333333334,0.2133333333333333
test,15,6,online,multi-hop,300,0.8066666666666666,0.9833333333333332,5.240677966101695,4.0,130.18333333333334,0.1766666666666666
test,15,6,online,semantic,150,0.68,0.98,9.346938775510203,5.0,135.91333333333333,0.3
test,15,6,online,structural,150,0.7866666666666666,0.9866666666666668,8.14864864864865,3.0,137.17333333333335,0.2
test,15,6,semantic_only,all,600,0.685,0.8666666666666667,4.382692307692308,3.0,19.39666666666667,0.0
test,15,6,semantic_only,multi-hop,300,0.6833333333333333,0.8966666666666666,4.602230483271375,3.0,19.126666666666665,0.0
test,15,6,semantic_only,semantic,150,0.8466666666666667,0.8933333333333333,2.9328358208955225,2.0,19.58,0.0
test,15,6,semantic_only,structural,150,0.5266666666666666,0.78,5.538461538461538,4.0,19.75333333333333,0.0
test,15,6,structure,all,600,0.8016666666666666,0.8716666666666667,3.8489483747609934,4.0,19.5,0.0
test,15,6,structure,multi-hop,300,0.83,0.8966666666666666,3.9442379182156135,4.0,19.236666666666668,0.0
test,15,6,structure,semantic,150,0.8733333333333333,0.8933333333333333,3.649253731343284,4.0,19.7,0.0
test,15,6,structure,structural,150,0.6733333333333333,0.8,3.858333333333333,3.0,19.826666666666668,0.0
test,15,6,two_hop,all,600,0.7483333333333333,0.9833333333333332,9.479661016949152,4.0,133.36333333333334,0.0
test,15,6,two_hop,multi-hop,300,0.7633333333333333,0.9833333333333332,7.261016949152542,4.0,130.18333333333334,0.0
test,15,6,two_hop,semantic,150,0.72,0.98,9.36734693877551,5.0,135.91333333333333,0.0
test,15,6,two_hop,structural,150,0.7466666666666667,0.9866666666666668,14.013513513513514,3.0,137.17333333333335,0.0
test,15,10,cosine,all,600,0.805,1.0,24.826666666666668,4.0,1222.0,0.0
test,15,10,cosine,multi-hop,300,0.84,1.0,20.883333333333333,4.0,1222.0,0.0
test,15,10,cosine,semantic,150,0.86,1.0,8.553333333333333,3.0,1222.0,0.0
test,15,10,cosine,structural,150,0.68,1.0,48.986666666666665,6.0,1222.0,0.0
test,15,10,offline,all,600,0.9516666666666668,0.9833333333333332,5.816949152542373,4.0,133.36333333333334,0.0
test,15,10,offline,multi-hop,300,0.97,0.9833333333333332,4.389830508474576,4.0,130.18333333333334,0.0
test,15,10,offline,semantic,150,0.92,0.98,10.054421768707485,6.0,135.91333333333333,0.0
test,15,10,offline,structural,150,0.9466666666666668,0.9866666666666668,4.452702702702703,3.0,137.17333333333335,0.0
test,15,10,online,all,600,0.95,0.9833333333333332,5.784745762711864,4.0,133.36333333333334,0.0333333333333333
test,15,10,online,multi-hop,300,0.9666666666666668,0.9833333333333332,4.389830508474576,4.0,130.18333333333334,0.0166666666666666
test,15,10,online,semantic,150,0.92,0.98,9.850340136054422,5.0,135.91333333333333,0.06
test,15,10,online,structural,150,0.9466666666666668,0.9866666666666668,4.527027027027027,3.0,137.17333333333335,0.04
test,15,10,semantic_only,all,600,0.805,0.8666666666666667,4.382692307692308,3.0,19.39666666666667,0.0
test,15,10,semantic_only,multi-hop,300,0.84,0.8966666666666666,4.602230483271375,3.0,19.126666666666665,0.0
test,15,10,semantic_only,semantic,150,0.86,0.8933333333333333,2.9328358208955225,2.0,19.58,0.0
test,15,10,semantic_only,structural,150,0.68,0.78,5.538461538461538,4.0,19.75333333333333,0.0
test,15,10,structure,all,600,0.8666666666666667,0.8716666666666667,3.8489483747609934,4.0,19.5,0.0
test,15,10,structure,multi-hop,300,0.8966666666666666,0.8966666666666666,3.9442379182156135,4.0,19.236666666666668,0.0
test,15,10,structure,semantic,150,0.8933333333333333,0.8933333333333333,3.649253731343284,4.0,19.7,0.0
test,15,10,structure,structural,150,0.78,0.8,3.858333333333333,3.0,19.826666666666668,0.0
test,15,10,two_hop,all,600,0.8916666666666667,0.9833333333333332,9.479661016949152,4.0,133.36333333333334,0.0
test,15,10,two_hop,multi-hop,300,0.9133333333333332,0.9833333333333332,7.261016949152542,4.0,130.18333333333334,0.0
test,15,10,two_hop,semantic,150,0.8733333333333333,0.98,9.36734693877551,5.0,135.91333333333333,0.0
test,15,10,two_hop,structural,150,0.8666666666666667,0.9866666666666668,14.013513513513514,3.0,137.17333333333335,0.0
test,15,16,cosine,all,600,0.8533333333333334,1.0,24.826666666666668,4.0,1222.0,0.0
test,15,16,cosine,multi-hop,300,0.8833333333333333,1.0,20.883333333333333,4.0,1222.0,0.0
test,15,16,cosine,semantic,150,0.9,1.0,8.553333333333333,3.0,1222.0,0.0
test,15,16,cosine,structural,150,0.7466666666666667,1.0,48.986666666666665,6.0,1222.0,0.0
test,15,16,offline,all,600,0.9716666666666668,0.9833333333333332,5.816949152542373,4.0,133.36333333333334,0.0
test,15,16,offline,multi-hop,300,0.9833333333333332,0.9833333333333332,4.389830508474576,4.0,130.18333333333334,0.0
test,15,16,offline,semantic,150,0.94,0.98,10.054421768707485,6.0,135.91333333333333,0.0
test,15,16,offline,structural,150,0.98,0.9866666666666668,4.452702702702703,3.0,137.17333333333335,0.0
test,15,16,online,all,600,0.9716666666666668,0.9833333333333332,5.801694915254237,4.0,133.36333333333334,0.0116666666666666
test,15,16,online,multi-hop,300,0.9833333333333332,0.9833333333333332,4.379661016949153,4.0,130.18333333333334,0.0
test,15,16,online,semantic,150,0.94,0.98,9.993197278911564,5.0,135.91333333333333,0.04
test,15,16,online,structural,150,0.98,0.9866666666666668,4.472972972972973,3.0,137.17333333333335,0.0066666666666666
test,15,16,semantic_only,all,600,0.85,0.8666666666666667,4.382692307692308,3.0,19.39666666666667,0.0
test,15,16,semantic_only,multi-hop,300,0.88,0.8966666666666666,4.602230483271375,3.0,19.126666666666665,0.0
test,15,16,semantic_only,semantic,150,0.8933333333333333,0.8933333333333333,2.9328358208955225,2.0,19.58,0.0
test,15,16,semantic_only,structural,150,0.7466666666666667,0.78,5.538461538461538,4.0,19.75333333333333,0.0
test,15,16,structure,all,600,0.8683333333333333,0.8716666666666667,3.8489483747609934,4.0,19.5,0.0
test,15,16,structure,multi-hop,300,0.8966666666666666,0.8966666666666666,3.9442379182156135,4.0,19.236666666666668,0.0
test,15,16,structure,semantic,150,0.8933333333333333,0.8933333333333333,3.649253731343284,4.0,19.7,0.0
test,15,16,structure,structural,150,0.7866666666666666,0.8,3.858333333333333,3.0,19.826666666666668,0.0
test,15,16,two_hop,all,600,0.9216666666666666,0.9833333333333332,9.479661016949152,4.0,133.36333333333334,0.0
test,15,16,two_hop,multi-hop,300,0.9433333333333334,0.9833333333333332,7.261016949152542,4.0,130.18333333333334,0.0
test,15,16,two_hop,semantic,150,0.9066666666666666,0.98,9.36734693877551,5.0,135.91333333333333,0.0
test,15,16,two_hop,structural,150,0.8933333333333333,0.9866666666666668,14.013513513513514,3.0,137.17333333333335,0.0
test,20,6,cosine,all,600,0.685,1.0,24.826666666666668,4.0,1222.0,0.0
test,20,6,cosine,multi-hop,300,0.6833333333333333,1.0,20.883333333333333,4.0,1222.0,0.0
test,20,6,cosine,semantic,150,0.8466666666666667,1.0,8.553333333333333,3.0,1222.0,0.0
test,20,6,cosine,structural,150,0.5266666666666666,1.0,48.986666666666665,6.0,1222.0,0.0
test,20,6,offline,all,600,0.7933333333333333,0.9833333333333332,5.9271186440677965,4.0,208.9033333333333,0.0
test,20,6,offline,multi-hop,300,0.82,0.9833333333333332,4.423728813559322,4.0,206.75,0.0
test,20,6,offline,semantic,150,0.64,0.98,11.29251700680272,6.0,209.38666666666663,0.0
test,20,6,offline,structural,150,0.8933333333333333,0.9866666666666668,3.5945945945945947,3.0,212.72666666666663,0.0
test,20,6,online,all,600,0.7583333333333333,0.9833333333333332,7.062711864406779,4.0,208.9033333333333,0.225
test,20,6,online,multi-hop,300,0.7866666666666666,0.9833333333333332,5.359322033898305,4.0,206.75,0.1966666666666666
test,20,6,online,semantic,150,0.6733333333333333,0.98,10.374149659863946,5.0,209.38666666666663,0.3066666666666666
test,20,6,online,structural,150,0.7866666666666666,0.9866666666666668,7.168918918918919,3.0,212.72666666666663,0.2
test,20,6,semantic_only,all,600,0.685,0.885,4.736346516007533,3.0,26.03,0.0
test,20,6,semantic_only,multi-hop,300,0.6833333333333333,0.9066666666666666,4.841911764705882,3.0,25.87333333333333,0.0
test,20,6,semantic_only,semantic,150,0.8466666666666667,0.9133333333333332,3.248175182481752,2.0,26.126666666666665,0.0
test,20,6,semantic_only,structural,150,0.5266666666666666,0.8133333333333334,6.172131147540983,4.0,26.246666666666663,0.0
test,20,6,structure,all,600,0.8066666666666666,0.8883333333333333,3.924953095684803,4.0,26.121666666666663,0.0
test,20,6,structure,multi-hop,300,0.8333333333333334,0.9066666666666666,3.981617647058824,4.0,25.966666666666665,0.0
test,20,6,structure,semantic,150,0.88,0.9133333333333332,3.708029197080292,4.0,26.246666666666663,0.0
test,20,6,structure,structural,150,0.68,0.8266666666666667,4.040322580645161,3.0,26.30666666666667,0.0
test,20,6,two_hop,all,600,0.7483333333333333,0.9833333333333332,10.6,4.0,208.9033333333333,0.0
test,20,6,two_hop,multi-hop,300,0.76,0.9833333333333332,7.932203389830509,4.0,206.75,0.0
test,20,6,two_hop,semantic,150,0.72,0.98,10.374149659863946,5.0,209.38666666666663,0.0
test,20,6,two_hop,structural,150,0.7533333333333333,0.9866666666666668,16.14189189189189,3.0,212.72666666666663,0.0
test,20,10,cosine,all,600,0.805,1.0,24.826666666666668,4.0,1222.0,0.0
test,20,10,cosine,multi-hop,300,0.84,1.0,20.883333333333333,4.0,1222.0,0.0
test,20,10,cosine,semantic,150,0.86,1.0,8.553333333333333,3.0,1222.0,0.0
test,20,10,cosine,structural,150,0.68,1.0,48.986666666666665,6.0,1222.0,0.0
test,20,10,offline,all,600,0.9533333333333334,0.9833333333333332,5.9271186440677965,4.0,208.9033333333333,0.0
test,20,10,offline,multi-hop,300,0.97,0.9833333333333332,4.423728813559322,4.0,206.75,0.0
test,20,10,offline,semantic,150,0.9066666666666666,0.98,11.29251700680272,6.0,209.38666666666663,0.0
test,20,10,offline,structural,150,0.9666666666666668,0.9866666666666668,3.5945945945945947,3.0,212.72666666666663,0.0
test,20,10,online,all,600,0.9516666666666668,0.9833333333333332,5.876271186440678,4.0,208.9033333333333,0.0316666666666666
test,20,10,online,multi-hop,300,0.9666666666666668,0.9833333333333332,4.420338983050847,4.0,206.75,0.0166666666666666
test,20,10,online,semantic,150,0.9066666666666666,0.98,11.034013605442176,5.0,209.38666666666663,0.0733333333333333
test,20,10,online,structural,150,0.9666666666666668,0.9866666666666668,3.655405405405405,3.0,212.72666666666663,0.02
test,20,10,semantic_only,all,600,0.805,0.885,4.736346516007533,3.0,26.03,0.0
test,20,10,semantic_only,multi-hop,300,0.84,0.9066666666666666,4.841911764705882,3.0,25.87333333333333,0.0
test,20,10,semantic_only,semantic,150,0.86,0.9133333333333332,3.248175182481752,2.0,26.126666666666665,0.0
test,20,10,semantic_only,structural,150,0.68,0.8133333333333334,6.172131147540983,4.0,26.246666666666663,0.0
test,20,10,structure,all,600,0.88,0.8883333333333333,3.924953095684803,4.0,26.121666666666663,0.0
test,20,10,structure,multi-hop,300,0.9066666666666666,0.9066666666666666,3.981617647058824,4.0,25.966666666666665,0.0
test,20,10,structure,semantic,150,0.9133333333333332,0.9133333333333332,3.708029197080292,4.0,26.246666666666663,0.0
test,20,10,structure,structural,150,0.7933333333333333,0.8266666666666667,4.040322580645161,3.0,26.30666666666667,0.0
test,20,10,two_hop,all,600,0.895,0.9833333333333332,10.6,4.0,208.9033333333333,0.0
test,20,10,two_hop,multi-hop,300,0.9166666666666666,0.9833333333333332,7.932203389830509,4.0,206.75,0.0
test,20,10,two_hop,semantic,150,0.8733333333333333,0.98,10.374149659863946,5.0,209.38666666666663,0.0
test,20,10,two_hop,structural,150,0.8733333333333333,0.9866666666666668,16.14189189189189,3.0,212.72666666666663,0.0
test,20,16,cosine,all,600,0.8533333333333334,1.0,24.826666666666668,4.0,1222.0,0.0
test,20,16,cosine,multi-hop,300,0.8833333333333333,1.0,20.883333333333333,4.0,1222.0,0.0
test,20,16,cosine,semantic,150,0.9,1.0,8.553333333333333,3.0,1222.0,0.0
test,20,16,cosine,structural,150,0.7466666666666667,1.0,48.986666666666665,6.0,1222.0,0.0
test,20,16,offline,all,600,0.9733333333333334,0.9833333333333332,5.9271186440677965,4.0,208.9033333333333,0.0
test,20,16,offline,multi-hop,300,0.9833333333333332,0.9833333333333332,4.423728813559322,4.0,206.75,0.0
test,20,16,offline,semantic,150,0.94,0.98,11.29251700680272,6.0,209.38666666666663,0.0
test,20,16,offline,structural,150,0.9866666666666668,0.9866666666666668,3.5945945945945947,3.0,212.72666666666663,0.0
test,20,16,online,all,600,0.9733333333333334,0.9833333333333332,5.913559322033898,4.0,208.9033333333333,0.01
test,20,16,online,multi-hop,300,0.9833333333333332,0.9833333333333332,4.416949152542373,4.0,206.75,0.0
test,20,16,online,semantic,150,0.94,0.98,11.238095238095235,5.0,209.38666666666663,0.04
test,20,16,online,structural,150,0.9866666666666668,0.9866666666666668,3.608108108108108,3.0,212.72666666666663,0.0
test,20,16,semantic_only,all,600,0.8533333333333334,0.885,4.736346516007533,3.0,26.03,0.0
test,20,16,semantic_only,multi-hop,300,0.8833333333333333,0.9066666666666666,4.841911764705882,3.0,25.87333333333333,0.0
test,20,16,semantic_only,semantic,150,0.9,0.9133333333333332,3.248175182481752,2.0,26.126666666666665,0.0
test,20,16,semantic_only,structural,150,0.7466666666666667,0.8133333333333334,6.172131147540983,4.0,26.246666666666663,0.0
test,20,16,structure,all,600,0.885,0.8883333333333333,3.924953095684803,4.0,26.121666666666663,0.0
test,20,16,structure,multi-hop,300,0.9066666666666666,0.9066666666666666,3.981617647058824,4.0,25.966666666666665,0.0
test,20,16,structure,semantic,150,0.9133333333333332,0.9133333333333332,3.708029197080292,4.0,26.246666666666663,0.0
test,20,16,structure,structural,150,0.8133333333333334,0.8266666666666667,4.040322580645161,3.0,26.30666666666667,0.0
test,20,16,two_hop,all,600,0.925,0.9833333333333332,10.6,4.0,208.9033333333333,0.0
test,20,16,two_hop,multi-hop,300,0.9466666666666668,0.9833333333333332,7.932203389830509,4.0,206.75,0.0
test,20,16,two_hop,semantic,150,0.8933333333333333,0.98,10.374149659863946,5.0,209.38666666666663,0.0
test,20,16,two_hop,structural,150,0.9133333333333332,0.9866666666666668,16.14189189189189,3.0,212.72666666666663,0.0
test,25,6,cosine,all,600,0.685,1.0,24.826666666666668,4.0,1222.0,0.0
test,25,6,cosine,multi-hop,300,0.6833333333333333,1.0,20.883333333333333,4.0,1222.0,0.0
test,25,6,cosine,semantic,150,0.8466666666666667,1.0,8.553333333333333,3.0,1222.0,0.0
test,25,6,cosine,structural,150,0.5266666666666666,1.0,48.986666666666665,6.0,1222.0,0.0
test,25,6,offline,all,600,0.8083333333333333,0.99,5.81986531986532,4.0,292.985,0.0
test,25,6,offline,multi-hop,300,0.83,0.99,5.454545454545454,4.0,290.93333333333334,0.0
test,25,6,offline,semantic,150,0.6666666666666666,0.9866666666666668,7.95945945945946,5.0,293.78,0.0
test,25,6,offline,structural,150,0.9066666666666666,0.9933333333333332,4.422818791946309,3.0,296.2933333333333,0.0
test,25,6,online,all,600,0.7816666666666666,0.99,6.41919191919192,4.0,292.985,0.2083333333333333
test,25,6,online,multi-hop,300,0.81,0.99,5.777777777777778,4.0,290.93333333333334,0.18
test,25,6,online,semantic,150,0.7,0.9866666666666668,7.25,5.0,293.78,0.2866666666666667
test,25,6,online,structural,150,0.8066666666666666,0.9933333333333332,6.87248322147651,3.0,296.2933333333333,0.1866666666666666
test,25,6,semantic_only,all,600,0.685,0.8916666666666667,4.945794392523364,3.0,32.803333333333335,0.0
test,25,6,semantic_only,multi-hop,300,0.6833333333333333,0.92,5.221014492753623,3.0,32.63666666666666,0.0
test,25,6,semantic_only,semantic,150,0.8466666666666667,0.9133333333333332,3.248175182481752,2.0,32.92,0.0
test,25,6,semantic_only,structural,150,0.5266666666666666,0.8133333333333334,6.229508196721311,4.0,33.02,0.0
test,25,6,structure,all,600,0.8083333333333333,0.895,3.97951582867784,4.0,32.88166666666667,0.0
test,25,6,structure,multi-hop,300,0.8366666666666667,0.92,4.036231884057971,4.0,32.72,0.0
test,25,6,structure,semantic,150,0.88,0.9133333333333332,3.7226277372262775,4.0,33.02,0.0
test,25,6,structure,structural,150,0.68,0.8266666666666667,4.137096774193548,3.0,33.06666666666667,0.0
test,25,6,two_hop,all,600,0.755,0.99,10.828282828282829,4.0,292.985,0.0
test,25,6,two_hop,multi-hop,300,0.7633333333333333,0.99,8.2996632996633,4.0,290.93333333333334,0.0
test,25,6,two_hop,semantic,150,0.72,0.9866666666666668,7.736486486486487,5.0,293.78,0.0
test,25,6,two_hop,structural,150,0.7733333333333333,0.9933333333333332,18.93959731543624,3.0,296.2933333333333,0.0
test,25,10,cosine,all,600,0.805,1.0,24.826666666666668,4.0,1222.0,0.0
test,25,10,cosine,multi-hop,300,0.84,1.0,20.883333333333333,4.0,1222.0,0.0
test,25,10,cosine,semantic,150,0.86,1.0,8.553333333333333,3.0,1222.0,0.0
test,25,10,cosine,structural,150,0.68,1.0,48.986666666666665,6.0,1222.0,0.0
test,25,10,offline,all,600,0.965,0.99,5.81986531986532,4.0,292.985,0.0
test,25,10,offline,multi-hop,300,0.97,0.99,5.454545454545454,4.0,290.93333333333334,0.0
test,25,10,offline,semantic,150,0.94,0.9866666666666668,7.95945945945946,5.0,293.78,0.0
test,25,10,offline,structural,150,0.98,0.9933333333333332,4.422818791946309,3.0,296.2933333333333,0.0
test,25,10,online,all,600,0.965,0.99,5.774410774410774,4.0,292.985,0.025
test,25,10,online,multi-hop,300,0.97,0.99,5.414141414141414,4.0,290.93333333333334,0.02
test,25,10,online,semantic,150,0.94,0.9866666666666668,7.804054054054054,5.0,293.78,0.0466666666666666
test,25,10,online,structural,150,0.98,0.9933333333333332,4.476510067114094,3.0,296.2933333333333,0.0133333333333333
test,25,10,semantic_only,all,600,0.805,0.8916666666666667,4.945794392523364,3.0,32.803333333333335,0.0
test,25,10,semantic_only,multi-hop,300,0.84,0.92,5.221014492753623,3.0,32.63666666666666,0.0
test,25,10,semantic_only,semantic,150,0.86,0.9133333333333332,3.248175182481752,2.0,32.92,0.0
test,25,10,semantic_only,structural,150,0.68,0.8133333333333334,6.229508196721311,4.0,33.02,0.0
test,25,10,structure,all,600,0.8866666666666667,0.895,3.97951582867784,4.0,32.88166666666667,0.0
test,25,10,structure,multi-hop,300,0.92,0.92,4.036231884057971,4.0,32.72,0.0
test,25,10,structure,semantic,150,0.9133333333333332,0.9133333333333332,3.7226277372262775,4.0,33.02,0.0
test,25,10,structure,structural,150,0.7933333333333333,0.8266666666666667,4.137096774193548,3.0,33.06666666666667,0.0
test,25,10,two_hop,all,600,0.905,0.99,10.828282828282829,4.0,292.985,0.0
test,25,10,two_hop,multi-hop,300,0.9266666666666666,0.99,8.2996632996633,4.0,290.93333333333334,0.0
test,25,10,two_hop,semantic,150,0.8733333333333333,0.9866666666666668,7.736486486486487,5.0,293.78,0.0
test,25,10,two_hop,structural,150,0.8933333333333333,0.9933333333333332,18.93959731543624,3.0,296.2933333333333,0.0
test,25,16,cosine,all,600,0.8533333333333334,1.0,24.826666666666668,4.0,1222.0,0.0
test,25,16,cosine,multi-hop,300,0.8833333333333333,1.0,20.883333333333333,4.0,1222.0,0.0
test,25,16,cosine,semantic,150,0.9,1.0,8.553333333333333,3.0,1222.0,0.0
test,25,16,cosine,structural,150,0.7466666666666667,1.0,48.986666666666665,6.0,1222.0,0.0
test,25,16,offline,all,600,0.98,0.99,5.81986531986532,4.0,292.985,0.0
test,25,16,offline,multi-hop,300,0.9833333333333332,0.99,5.454545454545454,4.0,290.93333333333334,0.0
test,25,16,offline,semantic,150,0.9666666666666668,0.9866666666666668,7.95945945945946,5.0,293.78,0.0
test,25,16,offline,structural,150,0.9866666666666668,0.9933333333333332,4.422818791946309,3.0,296.2933333333333,0.0
test,25,16,online,all,600,0.98,0.99,5.808080808080808,4.0,292.985,0.01
test,25,16,online,multi-hop,300,0.9833333333333332,0.99,5.447811447811448,4.0,290.93333333333334,0.0066666666666666
test,25,16,online,semantic,150,0.9666666666666668,0.9866666666666668,7.905405405405405,5.0,293.78,0.02
test,25,16,online,structural,150,0.9866666666666668,0.9933333333333332,4.442953020134228,3.0,296.2933333333333,0.0066666666666666
test,25,16,semantic_only,all,600,0.8533333333333334,0.8916666666666667,4.945794392523364,3.0,32.803333333333335,0.0
test,25,16,semantic_only,multi-hop,300,0.8833333333333333,0.92,5.221014492753623,3.0,32.63666666666666,0.0
test,25,16,semantic_only,semantic,150,0.9,0.9133333333333332,3.248175182481752,2.0,32.92,0.0
test,25,16,semantic_only,structural,150,0.7466666666666667,0.8133333333333334,6.229508196721311,4.0,33.02,0.0
test,25,16,structure,all,600,0.8916666666666667,0.895,3.97951582867784,4.0,32.88166666666667,0.0
test,25,16,structure,multi-hop,300,0.92,0.92,4.036231884057971,4.0,32.72,0.0
test,25,16,structure,semantic,150,0.9133333333333332,0.9133333333333332,3.7226277372262775,4.0,33.02,0.0
test,25,16,structure,structural,150,0.8133333333333334,0.8266666666666667,4.137096774193548,3.0,33.06666666666667,0.0
test,25,16,two_hop,all,600,0.9316666666666666,0.99,10.828282828282829,4.0,292.985,0.0
test,25,16,two_hop,multi-hop,300,0.9566666666666668,0.99,8.2996632996633,4.0,290.93333333333334,0.0
test,25,16,two_hop,semantic,150,0.9,0.9866666666666668,7.736486486486487,5.0,293.78,0.0
test,25,16,two_hop,structural,150,0.9133333333333332,0.9933333333333332,18.93959731543624,3.0,296.2933333333333,0.0
test,30,6,cosine,all,600,0.685,1.0,24.826666666666668,4.0,1222.0,0.0
test,30,6,cosine,multi-hop,300,0.6833333333333333,1.0,20.883333333333333,4.0,1222.0,0.0
test,30,6,cosine,semantic,150,0.8466666666666667,1.0,8.553333333333333,3.0,1222.0,0.0
test,30,6,cosine,structural,150,0.5266666666666666,1.0,48.986666666666665,6.0,1222.0,0.0
test,30,6,offline,all,600,0.8066666666666666,0.9933333333333332,6.595637583892618,4.0,372.885,0.0
test,30,6,offline,multi-hop,300,0.83,0.9933333333333332,5.89261744966443,4.0,370.53333333333336,0.0
test,30,6,offline,semantic,150,0.6666666666666666,0.9933333333333332,10.060402684563758,5.0,373.62666666666667,0.0
test,30,6,offline,structural,150,0.9,0.9933333333333332,4.5369127516778525,3.0,376.8466666666667,0.0
test,30,6,online,all,600,0.7816666666666666,0.9933333333333332,7.605704697986577,4.0,372.885,0.2116666666666666
test,30,6,online,multi-hop,300,0.81,0.9933333333333332,6.278523489932886,4.0,370.53333333333336,0.1833333333333333
test,30,6,online,semantic,150,0.7,0.9933333333333332,9.95973154362416,5.0,373.62666666666667,0.2933333333333333
test,30,6,online,structural,150,0.8066666666666666,0.9933333333333332,7.906040268456376,3.0,376.8466666666667,0.1866666666666666
test,30,6,semantic_only,all,600,0.685,0.9033333333333332,5.282287822878229,3.0,38.986666666666665,0.0
test,30,6,semantic_only,multi-hop,300,0.6833333333333333,0.92,5.278985507246377,3.0,38.75666666666667,0.0
test,30,6,semantic_only,semantic,150,0.8466666666666667,0.94,3.978723404255319,2.0,39.06666666666667,0.0
test,30,6,semantic_only,structural,150,0.5266666666666666,0.8333333333333334,6.76,4.0,39.36666666666667,0.0
test,30,6,structure,all,600,0.8083333333333333,0.9066666666666666,4.075367647058823,4.0,39.056666666666665,0.0
test,30,6,structure,multi-hop,300,0.8366666666666667,0.92,4.043478260869565,4.0,38.82666666666667,0.0
test,30,6,structure,semantic,150,0.88,0.94,3.879432624113475,4.0,39.16,0.0
test,30,6,structure,structural,150,0.68,0.8466666666666667,4.362204724409449,3.0,39.41333333333333,0.0
test,30,6,two_hop,all,600,0.7583333333333333,0.9933333333333332,11.666107382550337,4.0,372.885,0.0
test,30,6,two_hop,multi-hop,300,0.77,0.9933333333333332,8.822147651006711,4.0,370.53333333333336,0.0
test,30,6,two_hop,semantic,150,0.72,0.9933333333333332,10.335570469798656,5.0,373.62666666666667,0.0
test,30,6,two_hop,structural,150,0.7733333333333333,0.9933333333333332,18.684563758389263,3.0,376.8466666666667,0.0
test,30,10,cosine,all,600,0.805,1.0,24.826666666666668,4.0,1222.0,0.0
test,30,10,cosine,multi-hop,300,0.84,1.0,20.883333333333333,4.0,1222.0,0.0
test,30,10,cosine,semantic,150,0.86,1.0,8.553333333333333,3.0,1222.0,0.0
test,30,10,cosine,structural,150,0.68,1.0,48.986666666666665,6.0,1222.0,0.0
test,30,10,offline,all,600,0.965,0.9933333333333332,6.595637583892618,4.0,372.885,0.0
test,30,10,offline,multi-hop,300,0.97,0.9933333333333332,5.89261744966443,4.0,370.53333333333336,0.0
test,30,10,offline,semantic,150,0.94,0.9933333333333332,10.060402684563758,5.0,373.62666666666667,0.0
test,30,10,offline,structural,150,0.98,0.9933333333333332,4.5369127516778525,3.0,376.8466666666667,0.0
test,30,10,online,all,600,0.965,0.9933333333333332,6.617449664429531,4.0,372.885,0.0283333333333333
test,30,10,online,multi-hop,300,0.97,0.9933333333333332,5.885906040268456,4.0,370.53333333333336,0.0233333333333333
test,30,10,online,semantic,150,0.94,0.9933333333333332,10.100671140939598,5.0,373.62666666666667,0.0533333333333333
test,30,10,online,structural,150,0.98,0.9933333333333332,4.597315436241611,3.0,376.8466666666667,0.0133333333333333
test,30,10,semantic_only,all,600,0.805,0.9033333333333332,5.282287822878229,3.0,38.986666666666665,0.0
test,30,10,semantic_only,multi-hop,300,0.84,0.92,5.278985507246377,3.0,38.75666666666667,0.0
test,30,10,semantic_only,semantic,150,0.86,0.94,3.978723404255319,2.0,39.06666666666667,0.0
test,30,10,semantic_only,structural,150,0.68,0.8333333333333334,6.76,4.0,39.36666666666667,0.0
test,30,10,structure,all,600,0.8966666666666666,0.9066666666666666,4.075367647058823,4.0,39.056666666666665,0.0
test,30,10,structure,multi-hop,300,0.92,0.92,4.043478260869565,4.0,38.82666666666667,0.0
test,30,10,structure,semantic,150,0.94,0.94,3.879432624113475,4.0,39.16,0.0
test,30,10,structure,structural,150,0.8066666666666666,0.8466666666666667,4.362204724409449,3.0,39.41333333333333,0.0
test,30,10,two_hop,all,600,0.905,0.9933333333333332,11.666107382550337,4.0,372.885,0.0
test,30,10,two_hop,multi-hop,300,0.9266666666666666,0.9933333333333332,8.822147651006711,4.0,370.53333333333336,0.0
test,30,10,two_hop,semantic,150,0.8733333333333333,0.9933333333333332,10.335570469798656,5.0,373.62666666666667,0.0
test,30,10,two_hop,structural,150,0.8933333333333333,0.9933333333333332,18.684563758389263,3.0,376.8466666666667,0.0
test,30,16,cosine,all,600,0.8533333333333334,1.0,24.826666666666668,4.0,1222.0,0.0
test,30,16,cosine,multi-hop,300,0.8833333333333333,1.0,20.883333333333333,4.0,1222.0,0.0
test,30,16,cosine,semantic,150,0.9,1.0,8.553333333333333,3.0,1222.0,0.0
test,30,16,cosine,structural,150,0.7466666666666667,1.0,48.986666666666665,6.0,1222.0,0.0
test,30,16,offline,all,600,0.9816666666666668,0.9933333333333332,6.595637583892618,4.0,372.885,0.0
test,30,16,offline,multi-hop,300,0.9866666666666668,0.9933333333333332,5.89261744966443,4.0,370.53333333333336,0.0
test,30,16,offline,semantic,150,0.9666666666666668,0.9933333333333332,10.060402684563758,5.0,373.62666666666667,0.0
test,30,16,offline,structural,150,0.9866666666666668,0.9933333333333332,4.5369127516778525,3.0,376.8466666666667,0.0
test,30,16,online,all,600,0.9816666666666668,0.9933333333333332,6.605704697986577,4.0,372.885,0.0116666666666666
test,30,16,online,multi-hop,300,0.9866666666666668,0.9933333333333332,5.882550335570469,4.0,370.53333333333336,0.0066666666666666
test,30,16,online,semantic,150,0.9666666666666668,0.9933333333333332,10.093959731543624,5.0,373.62666666666667,0.0266666666666666
test,30,16,online,structural,150,0.9866666666666668,0.9933333333333332,4.563758389261745,3.0,376.8466666666667,0.0066666666666666
test,30,16,semantic_only,all,600,0.8533333333333334,0.9033333333333332,5.282287822878229,3.0,38.986666666666665,0.0
test,30,16,semantic_only,multi-hop,300,0.8833333333333333,0.92,5.278985507246377,3.0,38.75666666666667,0.0
test,30,16,semantic_only,semantic,150,0.9,0.94,3.978723404255319,2.0,39.06666666666667,0.0
test,30,16,semantic_only,structural,150,0.7466666666666667,0.8333333333333334,6.76,4.0,39.36666666666667,0.0
test,30,16,structure,all,600,0.9033333333333332,0.9066666666666666,4.075367647058823,4.0,39.056666666666665,0.0
test,30,16,structure,multi-hop,300,0.92,0.92,4.043478260869565,4.0,38.82666666666667,0.0
test,30,16,structure,semantic,150,0.94,0.94,3.879432624113475,4.0,39.16,0.0
test,30,16,structure,structural,150,0.8333333333333334,0.8466666666666667,4.362204724409449,3.0,39.41333333333333,0.0
test,30,16,two_hop,all,600,0.9316666666666666,0.9933333333333332,11.666107382550337,4.0,372.885,0.0
test,30,16,two_hop,multi-hop,300,0.9566666666666668,0.9933333333333332,8.822147651006711,4.0,370.53333333333336,0.0
test,30,16,two_hop,semantic,150,0.9,0.9933333333333332,10.335570469798656,5.0,373.62666666666667,0.0
test,30,16,two_hop,structural,150,0.9133333333333332,0.9933333333333332,18.684563758389263,3.0,376.8466666666667,0.0
