q_idx,question,gold_answers,pool_size,n_cosine_chunks,n_graph_chunks,n_adaptive_chunks,cosine_answer,graph_answer,adaptive_answer,cosine_em,graph_em,adaptive_em,cosine_f1,graph_f1,adaptive_f1
0,Where is the club's headquarters located?,"The club's headquarters are located on Jivani Street 2 of the Malatia-Sebastia District, Yerevan.",18,13,13,13,"Jivani Street 2, Malatia-Sebastia District, Yerevan.","Jivani Street 2, Malatia-Sebastia District, Yerevan.","Jivani Street 2, Malatia-Sebastia District, Yerevan.",0.0,0.0,0.0,0.6667,0.6667,0.6667
1,"What are the two ground states observed for indeno[1,2-a]fluorene on NaCl surfaces?",Open-shell π-diradical state and closed-shell state with a para-quinodimethane moiety.,99,13,13,13,Open-shell and closed-shell.,Open-shell π-diradical and closed-shell states.,Open-shell π-diradical and closed-shell states.,0.0,0.0,0.0,0.5,0.5714,0.5714
2,When did the Tevatron Collider Run II start and when is it expected to end?,The Tevatron Collider Run II started in March 2002 and is expected to continue until the end of this decade.,56,13,13,13,"March 2002, end of the decade.","March 2002, end of the decade.","March 2002, end of the decade.",0.0,0.0,0.0,0.4348,0.4348,0.4348
3,What was the reason given by Governor Rick Scott for not implementing a prescription drug monitoring database in Florida?,Privacy concerns and skepticism about its effectiveness.,106,13,13,13,Not stated.,Not mentioned.,Not mentioned.,0.0,0.0,0.0,0.0,0.0,0.0
4,What models were used for dialect identification?,"BERT, RoBERTa, ELECTRA, GPT-2, and XLM-RoBERTa.",55,13,13,13,"BERT, RoBERTa, XLM-RoBERTa, ELECTRA, GPT-2","BERT, RoBERTa, XLM-RoBERTa, ELECTRA, GPT-2","BERT, RoBERTa, XLM-RoBERTa, ELECTRA, GPT-2",0.0,0.0,0.0,0.9091,0.9091,0.9091
5,How can you level up in the early levels?,Keep deploying and harvesting your bases to earn experience points and level up quickly.,91,13,13,13,By deploying and harvesting bases.,By deploying and harvesting bases.,By deploying and harvesting bases.,0.0,0.0,0.0,0.4211,0.4211,0.4211
6,What is the security parameter for the AES-256 block cipher?,172.,225,13,13,13,256 bits.,256 bits.,256 bits.,0.0,0.0,0.0,0.0,0.0,0.0
7,What are the restrictions on the use of Broadjam's servers?,No excessive overloading and no use for illegal activity.,181,13,13,13,"No excessive overloading, no spam, no mail bombs, no Internet packet flooding, no packet corruption, no denial of service, no abusive activities, no server hacking, no security breaches.","No mail bombs, packet flooding, denial of service, or other abusive activities.","No excessive overloading, no software/scripts causing high server load, no server hacking, no mail bombs, no denial of service.",0.0,0.0,0.0,0.2162,0.0952,0.2857
8,What is the correct expression for the derivative of the function?,"It depends on the value of x, either 0 or (6x^2cos(x^2)+sin(x^2))/(3(x^2)^(1/3)).",44,13,13,13,"f'(x) = 
\begin{cases} 
\frac{6x^2\cos{\left(x^2\right)}+\sin{\left(x^2\right)}}{3\sqrt[3]{x^2}}, & \mbox{if } x \neq 0 \\","It depends on the function. For f(x), 
f'(x) = 
{
(6x^2cos(x^2) + sin(x^2))/(3x^(2/3)),  x ≠ 0 
0,  x = 0
}
For g(x), 
g'(x",f'(x) = lim(h→0)[f(x+h) - f(x)]/h,0.0,0.0,0.0,0.2353,0.3571,0.0
9,When did Margaret Way start self-publishing her books as e-books?,Margaret Way started self-publishing her books as e-books in 2013.,22,13,13,13,2013,2013,"2013, mid-July.",0.0,0.0,0.0,0.1818,0.1818,0.1667
10,如何安装并启动Ganache?,使用安装包安装Ganache；打开程序，用户可以从显示的界面中查看账户、区块、交易和日志；点击“设置”，用户可以设置绑定的ip和端口、账户数量以及gas限制等，点击“restart”后设置生效。此时，Ganache已经在本机运行了一个以太坊私有网络，并绑定了8545端口。.,22,13,13,13,使用安装包安装即可，然后打开程序。,使用安装包安装即可，然后打开程序。,无相关信息。,0.0,0.0,0.0,0.0,0.0,0.0
11,"What is the electron correlation parameter, $\Gamma_e$?",It is the ratio of the average unscreened electron-electron potential energy to kinetic energy.,117,13,13,13,$\frac{e^2}{4\pi \epsilon_0 a_{ws}}\frac{1}{k_B T_e}$,$\frac{e^2}{4\pi \epsilon_0 a_{ws}}\frac{1}{k_B T_e}$,$e^2/(4\pi \epsilon_0 a_{ws}k_B T_e)$,0.0,0.0,0.0,0.0,0.0,0.0
12,What were the vaccines trialed against?,Other toxic products.,48,13,13,13,"Other toxic products, not genuine placebo (saline).","Other toxic products, not genuine placebo (saline).","Other toxic products, not genuine placebo (saline).",0.0,0.0,0.0,0.6,0.6,0.6
13,What is the problem encountered when building the fuselage sides?,"The longerons bow up from the building surface, forming a ""banana"" shape.",98,13,13,13,"Bowing, ""banana"" shape.",Bowing of the longerons.,Bowing of the longerons.,0.0,0.0,0.0,0.3333,0.1667,0.1667
14,When will BC leave Boston?,August 25.,165,13,13,13,August 25,August 25,August 25,1.0,1.0,1.0,1.0,1.0,1.0
15,What is the maximum radius of the emitting region for the black body model?,4.5x10^8 cm.,137,13,13,13,4.5 × 10^8 cm,4.5 × 10^8 cm,4.5 × 10^8 cm,0.0,0.0,0.0,0.3333,0.3333,0.3333
16,What was the Buckeyes' record in their first game of the season?,They won their first game with a score of 15-3.,14,13,13,13,1-0,1-0,1-0,0.0,0.0,0.0,0.0,0.0,0.0
17,What is the name of the generative interactive model used in the method?,The generative interactive model used in the method is called the Coupled Generalized Dynamic Bayesian Network (C-GDBN).,126,13,13,13,Generalized Dynamic Bayesian Network (GDBN),Generalized Dynamic Bayesian Network (GDBN),Generalized Dynamic Bayesian Network (GDBN),0.0,0.0,0.0,0.4211,0.4211,0.4211
18,What algorithm is engaged in the PLMS-PPIC method?,The normalized least mean square (NLMS) algorithm.,42,13,13,13,NLMS algorithm,NLMS algorithm,NLMS algorithm,0.0,0.0,0.0,0.5,0.5,0.5
19,What was the population of McPherson County according to the 2020 census?,"30,223.",33,13,13,13,"30,223","30,223",Not provided.,1.0,1.0,0.0,1.0,1.0,0.0
20,How does the performance of the PLM with decimation compare to other methods?,It outperforms mean-field methods and the PLM with $l_2$ regularization in terms of reconstruction error and true positive rate.,128,13,13,13,Better for lower M values.,"Better, with smaller reconstruction error.","Better, especially for lower M and sparse networks.",0.0,0.0,0.0,0.0,0.2609,0.0769
21,What are the datasets used in this community for research?,"URPC2017, URPC2018, URPC2019, URPC2020_ZJ and URPC2020_DL.",65,13,13,13,"URPC2017, URPC2018, URPC2019, URPC2020, UDD, DUO","URPC datasets (URPC2017, URPC2018)",URPC2017 and URPC2018,0.0,0.0,0.0,0.5,0.4,0.6667
22,What was the club known as before being officially renamed FC Urartu?,FC Banants.,19,13,13,13,FC Banants,FC Banants,FC Banants,1.0,1.0,1.0,1.0,1.0,1.0
23,What are the titles of one of Kam W. Leong's publications in Journal of Controlled Release?,Sustained viral gene delivery through core-shell fibers and Gene transfer to hemophilia A mice via oral delivery of FVIII-chitosan nanoparticles.,37,13,13,13,Gene transfer to hemophilia A mice via oral delivery of FVIII-chitosan nanoparticles,None listed.,None listed.,0.0,0.0,0.0,0.7333,0.0,0.0
24,When was the paper published?,The paper was published on 7 March 2023.,65,13,13,13,Not mentioned.,Not mentioned.,Not mentioned.,0.0,0.0,0.0,0.0,0.0,0.0
25,What size chains were used in the benchmarking?,L = 8 and L = 14.,88,13,13,13,"L = 8, L = 14",L = 14,"L = 6, 8, 14",0.0,0.0,0.0,0.8889,0.5714,0.6667
26,What field does Danny work in in Tennessee?,3-D printing and software development.,127,13,13,13,There is no information about Danny or his work in Tennessee.,There is no information about Danny or Tennessee.,There is no information about Danny working in Tennessee. The text only mentions Taylor.,0.0,0.0,0.0,0.0,0.0,0.0
27,How does the infall rate and gas density in the magnetized model compare to non-magnetized accretion?,Infall rate is 2-5 times smaller and gas density is 2-5 times smaller.,22,13,13,13,2-5 times smaller,2-5 times smaller,2-5 times smaller,0.0,0.0,0.0,0.375,0.375,0.375
28,What are the benefits of using binary variables in the SLAS formulation?,Reduced computational complexity.,113,13,13,13,Not mentioned.,Not mentioned.,Not mentioned.,0.0,0.0,0.0,0.0,0.0,0.0
29,Can the denoiser be applied to circuits with non-Clifford noise?,"Yes, the denoiser works for non-Clifford local noise channels.",88,13,13,13,Yes,Yes,Yes,0.0,0.0,0.0,0.2222,0.2222,0.2222
30,What are some fields in which the inverse problem is encountered?,"Physics, biology, social sciences, finance, and neuroscience are some fields in which the inverse problem is encountered.",128,13,13,13,"Optical systems, statistical inference.","Physics, biology, social sciences, finance, neuroscience.","Physics, biology, social sciences, finance, neuroscience.",0.0,0.0,0.0,0.0,0.5455,0.5455
31,How can players skip dialogue on the quest map?,Players can skip dialogue on the quest map by pressing the 'SKIP' button.,102,13,13,13,By pressing 'SKIP',By pressing 'SKIP'.,By pressing 'SKIP',0.0,0.0,0.0,0.4286,0.4286,0.4286
32,In which electorate was Simon English elected to the New Zealand Parliament?,The Wallace electorate.,72,13,13,13,Wallace electorate,Wallace electorate,Wallace electorate,1.0,1.0,1.0,1.0,1.0,1.0
33,What is the score achieved by the authors for Track-2?,85.61%.,55,13,13,13,85.61%,85.61%,"Not explicitly stated, only margin.",1.0,1.0,0.0,1.0,1.0,0.0
34,Does DUO contain more instances per image than COCO?,"Yes, DUO has 9.57 instances per image while COCO contains 7.7.",64,13,13,13,"Yes, 9.57 vs 7.7.","Yes, 9.57 vs 7.7.","Yes, 9.57 vs 7.7.",0.0,0.0,0.0,0.4,0.4,0.4
35,"When did the London Paving and Lighting Act pass, which mandated the numbering of houses?",1766.,104,13,13,13,1766,1766,1766,1.0,1.0,1.0,1.0,1.0,1.0
36,What award did Brooksley Born receive in 2009?,"In 2009, Brooksley Born received the John F. Kennedy Profiles in Courage Award.",37,13,13,13,John F. Kennedy Profiles in Courage Award,John F. Kennedy Profiles in Courage Award,John F. Kennedy Profiles in Courage Award,0.0,0.0,0.0,0.7368,0.7368,0.7368
37,What are the three phases of the author's preaching process?,"The three phases are exegetical, theological, and homiletical.",154,13,13,13,"Exegetical, theological, homiletical.","Exegetical, theological, homiletical","Exegetical, theological, homiletical.",0.0,0.0,0.0,0.6,0.6,0.6
38,How do the runtimes and iteration counts of NFPA and FPSA compare to GMRES and DSA in the numerical experiments?,NFPA and FPSA greatly outperform GMRES and DSA.,82,13,13,13,NFPA and FPSA outperform GMRES and DSA.,NFPA and FPSA outperform GMRES and DSA.,NFPA and FPSA outperform GMRES and DSA.,0.0,0.0,0.0,0.9333,0.9333,0.9333
39,What is the rationality coefficient used in the observation model?,γh.,103,13,13,13,γ h,γ h,γ h,0.0,0.0,0.0,0.0,0.0,0.0
40,What is the average magnetic moment per column in Ge$_{1-x}$Mn$_{x}$ films?,1425 $\mu_{B}$.,125,13,13,13,Not provided in the context.,Not provided in the context.,Not provided in the context.,0.0,0.0,0.0,0.0,0.0,0.0
41,How does the framework capture the reduced-order dynamics?,By using a propagator in the latent space.,65,13,13,13,Using a propagator in the latent space.,Using a propagator in the latent space.,Using continuous complex-valued latent space dynamics.,0.0,0.0,0.0,0.9091,0.9091,0.5
42,How does the conduction gap depend on the strain direction?,"Peaks occur at certain strain directions, while the gap is zero at others.",83,13,13,13,Strongly θ-dependent,"Strongly dependent, with peaks at specific angles.",Strongly θ-dependent,0.0,0.0,0.0,0.0,0.2105,0.0
43,How are smartphones and tablets different from a technical perspective?,Smartphones are more compact and power constrained.,119,13,13,13,Power targets and budgets.,"Smartphones are more compact and power constrained, with SoCs limited to around 1W, while tablets have a greater power budget, up to 4W or 7-8W.","Screens, batteries, radios are a huge part of tablets' and phones' costs.",0.0,0.0,0.0,0.3636,0.4516,0.2222
44,How many experiments were demonstrated to test the capabilities of the controller?,5.,86,13,13,13,5 experiments,5 experiments,Five,0.0,0.0,0.0,0.6667,0.6667,0.0
45,What types of sensors are now capable of estimating physical activity levels and physiological outcomes of older adults?,Wearable sensors.,185,13,13,13,Wearable sensors,Wearable sensors,Wearable sensors,1.0,1.0,1.0,1.0,1.0,1.0
46,How many massive star-forming regions were studied?,21.,43,13,13,13,21,21,21,1.0,1.0,1.0,1.0,1.0,1.0
47,Where was Margaret Way born and where did she die?,"Margaret Way was born in Brisbane and died in Cleveland, Queensland, Australia.",22,13,13,13,"Brisbane, Cleveland, Queensland.","Brisbane, Cleveland, Queensland.","Brisbane, Cleveland, Queensland.",0.0,0.0,0.0,0.4,0.4,0.4
48,What are the three synthetic types of vitamin K?,"Vitamins K3, K4, and K5.",125,13,13,13,"Vitamins K3, K4, and K5.","Vitamins K3, K4, and K5.","K3, K4, K5",1.0,1.0,0.0,1.0,1.0,0.75
49,How are thalassemias classified?,According to the globin that is affected (alpha or beta).,109,13,13,13,"According to the chain involved (α, β, δ).",Into alpha and beta thalassemia.,"By genetic types, including alpha, beta, delta, and gamma.",0.0,0.0,0.0,0.25,0.2857,0.2222
50,What is Professor Tulis's forthcoming book?,Legacies of Losing in American Politics and an expanded edition of The Rhetorical Presidency in the Princeton Classics series.,90,13,13,13,Legacies of Losing in American Politics,Legacies of Losing in American Politics,Legacies of Losing in American Politics,0.0,0.0,0.0,0.5455,0.5455,0.5455
51,"When was Weep Not, Child first published?","Weep Not, Child was first published in 1964.",26,13,13,13,1964,Not stated in context.,Not stated.,0.0,0.0,0.0,0.2222,0.3333,0.2
52,对于PD3.0协议，FS312BH支持的最高诱骗电压是多少？,48V.,16,13,13,13,48V,48V,48V,1.0,1.0,1.0,1.0,1.0,1.0
53,What is the main topic of the text?,The main topic of the text is Iraq's politics and current situation.,63,13,13,13,Iraq and Middle East news,Iraq and Christmas celebrations,Iraq and international relations,0.0,0.0,0.0,0.1333,0.1429,0.1429
54,What is the SI unit of power?,"Watt, one joule per second.",114,13,13,13,Watt,Watt,Watt,0.0,0.0,0.0,0.3333,0.3333,0.3333
55,What is the sticking point in the political showdown over the budget?,The sticking point in the political showdown over the budget is how much spending to cut.,113,13,13,13,Spending cuts and policy issues.,How much spending to cut.,Local money spending approval.,0.0,0.0,0.0,0.1111,0.5556,0.1176
56,What are the symptoms of alpha thalassemia major?,Severe anemia that begins even before birth.,109,13,13,13,"Life-threatening anemia, severe hydrops fetalis.","Severe anemia, starting before birth.",Not explicitly stated.,0.0,0.0,0.0,0.3333,0.6667,0.0
57,How many years has KSTP-FM 102.1 been on the air?,Four years.,35,13,13,13,4 years,4 years,4 years,0.0,0.0,0.0,0.5,0.5,0.5
58,What is the advantage of decorrelating the data before running the PLS algorithm?,Decorrelating the data before running the PLS algorithm improves the performance of the algorithm.,136,13,13,13,Improves performance.,Improves performance.,Improves performance.,0.0,0.0,0.0,0.3333,0.3333,0.3333
59,How is electricity used in everyday life?,"Electricity is used for transport, heating, lighting, communications, and computation.",114,13,13,13,"Transport, heating, lighting, communications, computation.","In transport, heating, lighting, communications, and computation.","Transport, heating, lighting, communications, computation.",0.0,0.0,0.0,0.6667,0.7059,0.6667
