source_file,k,policy,baseline,metric,questions,mean_delta,ci_low,ci_high
qa_quality_meta_llama_Llama_3.2_1B_Instruct_multifield_K3-6-8-12-16_topm20_n200_seed42.csv,3,graph,cosine,em,150,-0.02,-0.05333333333333334,0.013333333333333334
qa_quality_meta_llama_Llama_3.2_1B_Instruct_multifield_K3-6-8-12-16_topm20_n200_seed42.csv,3,graph,cosine,f1,150,-0.004773333333333333,-0.040591833333333334,0.030151433333333328
qa_quality_meta_llama_Llama_3.2_1B_Instruct_multifield_K3-6-8-12-16_topm20_n200_seed42.csv,3,adaptive,cosine,em,150,-0.03333333333333333,-0.06666666666666667,0.0
qa_quality_meta_llama_Llama_3.2_1B_Instruct_multifield_K3-6-8-12-16_topm20_n200_seed42.csv,3,adaptive,cosine,f1,150,-0.02696933333333333,-0.06423410000000002,0.008890299999999993
qa_quality_meta_llama_Llama_3.2_1B_Instruct_multifield_K3-6-8-12-16_topm20_n200_seed42.csv,6,graph,cosine,em,150,0.013333333333333334,-0.02,0.05333333333333334
qa_quality_meta_llama_Llama_3.2_1B_Instruct_multifield_K3-6-8-12-16_topm20_n200_seed42.csv,6,graph,cosine,f1,150,0.007995999999999996,-0.03608979999999999,0.05079013333333332
qa_quality_meta_llama_Llama_3.2_1B_Instruct_multifield_K3-6-8-12-16_topm20_n200_seed42.csv,6,adaptive,cosine,em,150,-0.006666666666666667,-0.04,0.02666666666666667
qa_quality_meta_llama_Llama_3.2_1B_Instruct_multifield_K3-6-8-12-16_topm20_n200_seed42.csv,6,adaptive,cosine,f1,150,-0.011524666666666662,-0.05587523333333334,0.03145148333333331
qa_quality_meta_llama_Llama_3.2_1B_Instruct_multifield_K3-6-8-12-16_topm20_n200_seed42.csv,8,graph,cosine,em,150,0.03333333333333333,0.0,0.07333333333333333
qa_quality_meta_llama_Llama_3.2_1B_Instruct_multifield_K3-6-8-12-16_topm20_n200_seed42.csv,8,graph,cosine,f1,150,0.0023359999999999974,-0.04348568333333334,0.04852475
qa_quality_meta_llama_Llama_3.2_1B_Instruct_multifield_K3-6-8-12-16_topm20_n200_seed42.csv,8,adaptive,cosine,em,150,0.02,-0.02,0.06
qa_quality_meta_llama_Llama_3.2_1B_Instruct_multifield_K3-6-8-12-16_topm20_n200_seed42.csv,8,adaptive,cosine,f1,150,0.022779333333333332,-0.026992250000000006,0.07253434999999998
qa_quality_meta_llama_Llama_3.2_1B_Instruct_multifield_K3-6-8-12-16_topm20_n200_seed42.csv,12,graph,cosine,em,150,0.0,-0.02666666666666667,0.02666666666666667
qa_quality_meta_llama_Llama_3.2_1B_Instruct_multifield_K3-6-8-12-16_topm20_n200_seed42.csv,12,graph,cosine,f1,150,0.0041486666666666686,-0.030461066666666665,0.037280933333333335
qa_quality_meta_llama_Llama_3.2_1B_Instruct_multifield_K3-6-8-12-16_topm20_n200_seed42.csv,12,adaptive,cosine,em,150,-0.013333333333333334,-0.03333333333333333,0.0
qa_quality_meta_llama_Llama_3.2_1B_Instruct_multifield_K3-6-8-12-16_topm20_n200_seed42.csv,12,adaptive,cosine,f1,150,0.025383333333333334,-0.010908216666666665,0.06107579999999999
qa_quality_meta_llama_Llama_3.2_1B_Instruct_multifield_K3-6-8-12-16_topm20_n200_seed42.csv,16,graph,cosine,em,150,0.0,0.0,0.0
qa_quality_meta_llama_Llama_3.2_1B_Instruct_multifield_K3-6-8-12-16_topm20_n200_seed42.csv,16,graph,cosine,f1,150,-0.0014233333333333348,-0.016544383333333336,0.0130927
qa_quality_meta_llama_Llama_3.2_1B_Instruct_multifield_K3-6-8-12-16_topm20_n200_seed42.csv,16,adaptive,cosine,em,150,0.0,0.0,0.0
qa_quality_meta_llama_Llama_3.2_1B_Instruct_multifield_K3-6-8-12-16_topm20_n200_seed42.csv,16,adaptive,cosine,f1,150,0.0006026666666666673,-0.0190582,0.01976981666666666
qa_quality_meta_llama_Llama_3.2_1B_Instruct_musique_K3-4-5-6-8-10-12-14-16_topm20_n200_seed42.csv,3,graph,cosine,em,200,0.0,-0.035,0.035
qa_quality_meta_llama_Llama_3.2_1B_Instruct_musique_K3-4-5-6-8-10-12-14-16_topm20_n200_seed42.csv,3,graph,cosine,f1,200,0.009731000000000002,-0.026489650000000003,0.04718033749999998
qa_quality_meta_llama_Llama_3.2_1B_Instruct_musique_K3-4-5-6-8-10-12-14-16_topm20_n200_seed42.csv,3,adaptive,cosine,em,200,-0.03,-0.06,0.0
qa_quality_meta_llama_Llama_3.2_1B_Instruct_musique_K3-4-5-6-8-10-12-14-16_topm20_n200_seed42.csv,3,adaptive,cosine,f1,200,-0.019084999999999998,-0.056567212500000005,0.016519
qa_quality_meta_llama_Llama_3.2_1B_Instruct_musique_K3-4-5-6-8-10-12-14-16_topm20_n200_seed42.csv,4,graph,cosine,em,200,-0.015,-0.055,0.02
qa_quality_meta_llama_Llama_3.2_1B_Instruct_musique_K3-4-5-6-8-10-12-14-16_topm20_n200_seed42.csv,4,graph,cosine,f1,200,-0.018959,-0.057247725000000006,0.019541912499999994
qa_quality_meta_llama_Llama_3.2_1B_Instruct_musique_K3-4-5-6-8-10-12-14-16_topm20_n200_seed42.csv,4,adaptive,cosine,em,200,-0.055,-0.095,-0.015
qa_quality_meta_llama_Llama_3.2_1B_Instruct_musique_K3-4-5-6-8-10-12-14-16_topm20_n200_seed42.csv,4,adaptive,cosine,f1,200,-0.048499,-0.09407365000000001,-0.006420975000000014
qa_quality_meta_llama_Llama_3.2_1B_Instruct_musique_K3-4-5-6-8-10-12-14-16_topm20_n200_seed42.csv,5,graph,cosine,em,200,-0.005,-0.035,0.025
qa_quality_meta_llama_Llama_3.2_1B_Instruct_musique_K3-4-5-6-8-10-12-14-16_topm20_n200_seed42.csv,5,graph,cosine,f1,200,0.002112999999999998,-0.026285637499999997,0.030588349999999976
qa_quality_meta_llama_Llama_3.2_1B_Instruct_musique_K3-4-5-6-8-10-12-14-16_topm20_n200_seed42.csv,5,adaptive,cosine,em,200,-0.035,-0.075,0.0
qa_quality_meta_llama_Llama_3.2_1B_Instruct_musique_K3-4-5-6-8-10-12-14-16_topm20_n200_seed42.csv,5,adaptive,cosine,f1,200,-0.019537,-0.06082060000000001,0.0193940875
qa_quality_meta_llama_Llama_3.2_1B_Instruct_musique_K3-4-5-6-8-10-12-14-16_topm20_n200_seed42.csv,6,graph,cosine,em,200,-0.025,-0.065,0.015
qa_quality_meta_llama_Llama_3.2_1B_Instruct_musique_K3-4-5-6-8-10-12-14-16_topm20_n200_seed42.csv,6,graph,cosine,f1,200,-0.013541499999999998,-0.051540962499999995,0.024607012499999973
qa_quality_meta_llama_Llama_3.2_1B_Instruct_musique_K3-4-5-6-8-10-12-14-16_topm20_n200_seed42.csv,6,adaptive,cosine,em,200,-0.06,-0.105,-0.015
qa_quality_meta_llama_Llama_3.2_1B_Instruct_musique_K3-4-5-6-8-10-12-14-16_topm20_n200_seed42.csv,6,adaptive,cosine,f1,200,-0.051891,-0.097584825,-0.00823580000000001
qa_quality_meta_llama_Llama_3.2_1B_Instruct_musique_K3-4-5-6-8-10-12-14-16_topm20_n200_seed42.csv,8,graph,cosine,em,200,-0.02,-0.06,0.02
qa_quality_meta_llama_Llama_3.2_1B_Instruct_musique_K3-4-5-6-8-10-12-14-16_topm20_n200_seed42.csv,8,graph,cosine,f1,200,-0.0096645,-0.04886177499999999,0.029915462499999948
qa_quality_meta_llama_Llama_3.2_1B_Instruct_musique_K3-4-5-6-8-10-12-14-16_topm20_n200_seed42.csv,8,adaptive,cosine,em,200,-0.04,-0.085,0.005
qa_quality_meta_llama_Llama_3.2_1B_Instruct_musique_K3-4-5-6-8-10-12-14-16_topm20_n200_seed42.csv,8,adaptive,cosine,f1,200,-0.0418445,-0.0892388,0.004998212499999996
qa_quality_meta_llama_Llama_3.2_1B_Instruct_musique_K3-4-5-6-8-10-12-14-16_topm20_n200_seed42.csv,10,graph,cosine,em,200,0.0,-0.03,0.03
qa_quality_meta_llama_Llama_3.2_1B_Instruct_musique_K3-4-5-6-8-10-12-14-16_topm20_n200_seed42.csv,10,graph,cosine,f1,200,-0.0024469999999999982,-0.03441517499999999,0.029664624999999997
qa_quality_meta_llama_Llama_3.2_1B_Instruct_musique_K3-4-5-6-8-10-12-14-16_topm20_n200_seed42.csv,10,adaptive,cosine,em,200,0.015,-0.025,0.055
qa_quality_meta_llama_Llama_3.2_1B_Instruct_musique_K3-4-5-6-8-10-12-14-16_topm20_n200_seed42.csv,10,adaptive,cosine,f1,200,0.005774499999999998,-0.0397659625,0.0507146
qa_quality_meta_llama_Llama_3.2_1B_Instruct_musique_K3-4-5-6-8-10-12-14-16_topm20_n200_seed42.csv,12,graph,cosine,em,200,-0.015,-0.04,0.005
qa_quality_meta_llama_Llama_3.2_1B_Instruct_musique_K3-4-5-6-8-10-12-14-16_topm20_n200_seed42.csv,12,graph,cosine,f1,200,-0.023923999999999997,-0.047961612499999993,-0.0023979625000000076
qa_quality_meta_llama_Llama_3.2_1B_Instruct_musique_K3-4-5-6-8-10-12-14-16_topm20_n200_seed42.csv,12,adaptive,cosine,em,200,-0.015,-0.04,0.005
qa_quality_meta_llama_Llama_3.2_1B_Instruct_musique_K3-4-5-6-8-10-12-14-16_topm20_n200_seed42.csv,12,adaptive,cosine,f1,200,-0.0159745,-0.043109325000000004,0.009876524999999999
qa_quality_meta_llama_Llama_3.2_1B_Instruct_musique_K3-4-5-6-8-10-12-14-16_topm20_n200_seed42.csv,14,graph,cosine,em,200,-0.005,-0.015,0.0
qa_quality_meta_llama_Llama_3.2_1B_Instruct_musique_K3-4-5-6-8-10-12-14-16_topm20_n200_seed42.csv,14,graph,cosine,f1,200,-0.005673000000000001,-0.019637050000000003,0.0053090874999999985
qa_quality_meta_llama_Llama_3.2_1B_Instruct_musique_K3-4-5-6-8-10-12-14-16_topm20_n200_seed42.csv,14,adaptive,cosine,em,200,-0.005,-0.015,0.0
qa_quality_meta_llama_Llama_3.2_1B_Instruct_musique_K3-4-5-6-8-10-12-14-16_topm20_n200_seed42.csv,14,adaptive,cosine,f1,200,-0.009393000000000002,-0.024331524999999996,0.0032207874999999973
qa_quality_meta_llama_Llama_3.2_1B_Instruct_musique_K3-4-5-6-8-10-12-14-16_topm20_n200_seed42.csv,16,graph,cosine,em,200,-0.005,-0.015,0.0
qa_quality_meta_llama_Llama_3.2_1B_Instruct_musique_K3-4-5-6-8-10-12-14-16_topm20_n200_seed42.csv,16,graph,cosine,f1,200,-0.005555000000000001,-0.019353199999999997,0.005066074999999992
qa_quality_meta_llama_Llama_3.2_1B_Instruct_musique_K3-4-5-6-8-10-12-14-16_topm20_n200_seed42.csv,16,adaptive,cosine,em,200,0.0,-0.015,0.015
qa_quality_meta_llama_Llama_3.2_1B_Instruct_musique_K3-4-5-6-8-10-12-14-16_topm20_n200_seed42.csv,16,adaptive,cosine,f1,200,-0.00687,-0.0233762,0.009173512499999979
qa_quality_Qwen_Qwen2.5_1.5B_Instruct_hotpot_K3-4-5-6-8-10-12-14-16_topm20_n200_seed42.csv,3,graph,cosine,em,200,0.0,-0.04,0.035
qa_quality_Qwen_Qwen2.5_1.5B_Instruct_hotpot_K3-4-5-6-8-10-12-14-16_topm20_n200_seed42.csv,3,graph,cosine,f1,200,0.002162500000000003,-0.03518158749999999,0.03999008749999999
qa_quality_Qwen_Qwen2.5_1.5B_Instruct_hotpot_K3-4-5-6-8-10-12-14-16_topm20_n200_seed42.csv,3,adaptive,cosine,em,200,0.0,-0.045,0.045
qa_quality_Qwen_Qwen2.5_1.5B_Instruct_hotpot_K3-4-5-6-8-10-12-14-16_topm20_n200_seed42.csv,3,adaptive,cosine,f1,200,0.005451000000000008,-0.03933965,0.05044871250000001
qa_quality_Qwen_Qwen2.5_1.5B_Instruct_hotpot_K3-4-5-6-8-10-12-14-16_topm20_n200_seed42.csv,4,graph,cosine,em,200,-0.015,-0.06,0.03
qa_quality_Qwen_Qwen2.5_1.5B_Instruct_hotpot_K3-4-5-6-8-10-12-14-16_topm20_n200_seed42.csv,4,graph,cosine,f1,200,-0.0165685,-0.060885762499999996,0.02740062499999999
qa_quality_Qwen_Qwen2.5_1.5B_Instruct_hotpot_K3-4-5-6-8-10-12-14-16_topm20_n200_seed42.csv,4,adaptive,cosine,em,200,0.005,-0.035,0.045
qa_quality_Qwen_Qwen2.5_1.5B_Instruct_hotpot_K3-4-5-6-8-10-12-14-16_topm20_n200_seed42.csv,4,adaptive,cosine,f1,200,0.001051000000000004,-0.0412811,0.044041274999999956
qa_quality_Qwen_Qwen2.5_1.5B_Instruct_hotpot_K3-4-5-6-8-10-12-14-16_topm20_n200_seed42.csv,5,graph,cosine,em,200,-0.035,-0.085,0.015
qa_quality_Qwen_Qwen2.5_1.5B_Instruct_hotpot_K3-4-5-6-8-10-12-14-16_topm20_n200_seed42.csv,5,graph,cosine,f1,200,-0.038907500000000005,-0.08528963749999999,0.005906512499999992
qa_quality_Qwen_Qwen2.5_1.5B_Instruct_hotpot_K3-4-5-6-8-10-12-14-16_topm20_n200_seed42.csv,5,adaptive,cosine,em,200,-0.02,-0.065,0.025
qa_quality_Qwen_Qwen2.5_1.5B_Instruct_hotpot_K3-4-5-6-8-10-12-14-16_topm20_n200_seed42.csv,5,adaptive,cosine,f1,200,-0.020309999999999998,-0.06342442499999999,0.023054612500000005
qa_quality_Qwen_Qwen2.5_1.5B_Instruct_hotpot_K3-4-5-6-8-10-12-14-16_topm20_n200_seed42.csv,6,graph,cosine,em,200,-0.04,-0.09,0.01
qa_quality_Qwen_Qwen2.5_1.5B_Instruct_hotpot_K3-4-5-6-8-10-12-14-16_topm20_n200_seed42.csv,6,graph,cosine,f1,200,-0.034619000000000004,-0.08363116250000001,0.013578362499999962
qa_quality_Qwen_Qwen2.5_1.5B_Instruct_hotpot_K3-4-5-6-8-10-12-14-16_topm20_n200_seed42.csv,6,adaptive,cosine,em,200,-0.02,-0.07,0.03
qa_quality_Qwen_Qwen2.5_1.5B_Instruct_hotpot_K3-4-5-6-8-10-12-14-16_topm20_n200_seed42.csv,6,adaptive,cosine,f1,200,-0.0250635,-0.075465675,0.025638762499999978
qa_quality_Qwen_Qwen2.5_1.5B_Instruct_hotpot_K3-4-5-6-8-10-12-14-16_topm20_n200_seed42.csv,8,graph,cosine,em,200,-0.04,-0.08,-0.005
qa_quality_Qwen_Qwen2.5_1.5B_Instruct_hotpot_K3-4-5-6-8-10-12-14-16_topm20_n200_seed42.csv,8,graph,cosine,f1,200,-0.0465255,-0.08890988749999999,-0.004744837500000032
qa_quality_Qwen_Qwen2.5_1.5B_Instruct_hotpot_K3-4-5-6-8-10-12-14-16_topm20_n200_seed42.csv,8,adaptive,cosine,em,200,-0.035,-0.08,0.01
qa_quality_Qwen_Qwen2.5_1.5B_Instruct_hotpot_K3-4-5-6-8-10-12-14-16_topm20_n200_seed42.csv,8,adaptive,cosine,f1,200,-0.024409999999999998,-0.07404208749999999,0.02466632499999998
qa_quality_Qwen_Qwen2.5_1.5B_Instruct_hotpot_K3-4-5-6-8-10-12-14-16_topm20_n200_seed42.csv,10,graph,cosine,em,200,0.0,-0.03,0.03
qa_quality_Qwen_Qwen2.5_1.5B_Instruct_hotpot_K3-4-5-6-8-10-12-14-16_topm20_n200_seed42.csv,10,graph,cosine,f1,200,-0.0015384999999999993,-0.0294760625,0.0268886125
qa_quality_Qwen_Qwen2.5_1.5B_Instruct_hotpot_K3-4-5-6-8-10-12-14-16_topm20_n200_seed42.csv,10,adaptive,cosine,em,200,0.025,-0.01,0.065
qa_quality_Qwen_Qwen2.5_1.5B_Instruct_hotpot_K3-4-5-6-8-10-12-14-16_topm20_n200_seed42.csv,10,adaptive,cosine,f1,200,0.046586499999999996,0.006888362499999997,0.08649939999999999
qa_quality_Qwen_Qwen2.5_1.5B_Instruct_hotpot_K3-4-5-6-8-10-12-14-16_topm20_n200_seed42.csv,12,graph,cosine,em,200,0.005,-0.01,0.02
qa_quality_Qwen_Qwen2.5_1.5B_Instruct_hotpot_K3-4-5-6-8-10-12-14-16_topm20_n200_seed42.csv,12,graph,cosine,f1,200,0.0012929999999999997,-0.01906485,0.021949675000000002
qa_quality_Qwen_Qwen2.5_1.5B_Instruct_hotpot_K3-4-5-6-8-10-12-14-16_topm20_n200_seed42.csv,12,adaptive,cosine,em,200,0.005,-0.01,0.025
qa_quality_Qwen_Qwen2.5_1.5B_Instruct_hotpot_K3-4-5-6-8-10-12-14-16_topm20_n200_seed42.csv,12,adaptive,cosine,f1,200,0.015698499999999997,-0.0081937625,0.040096137500000004
qa_quality_Qwen_Qwen2.5_1.5B_Instruct_hotpot_K3-4-5-6-8-10-12-14-16_topm20_n200_seed42.csv,14,graph,cosine,em,200,0.005,0.0,0.015
qa_quality_Qwen_Qwen2.5_1.5B_Instruct_hotpot_K3-4-5-6-8-10-12-14-16_topm20_n200_seed42.csv,14,graph,cosine,f1,200,0.004753500000000001,-0.005141462499999999,0.01818302499999999
qa_quality_Qwen_Qwen2.5_1.5B_Instruct_hotpot_K3-4-5-6-8-10-12-14-16_topm20_n200_seed42.csv,14,adaptive,cosine,em,200,0.005,0.0,0.015
qa_quality_Qwen_Qwen2.5_1.5B_Instruct_hotpot_K3-4-5-6-8-10-12-14-16_topm20_n200_seed42.csv,14,adaptive,cosine,f1,200,0.006821000000000001,-0.0042595875,0.020594849999999998
qa_quality_Qwen_Qwen2.5_1.5B_Instruct_hotpot_K3-4-5-6-8-10-12-14-16_topm20_n200_seed42.csv,16,graph,cosine,em,200,0.0,0.0,0.0
qa_quality_Qwen_Qwen2.5_1.5B_Instruct_hotpot_K3-4-5-6-8-10-12-14-16_topm20_n200_seed42.csv,16,graph,cosine,f1,200,0.0017454999999999992,-0.0056600125,0.009645249999999996
qa_quality_Qwen_Qwen2.5_1.5B_Instruct_hotpot_K3-4-5-6-8-10-12-14-16_topm20_n200_seed42.csv,16,adaptive,cosine,em,200,0.0,0.0,0.0
qa_quality_Qwen_Qwen2.5_1.5B_Instruct_hotpot_K3-4-5-6-8-10-12-14-16_topm20_n200_seed42.csv,16,adaptive,cosine,f1,200,0.0025815,-0.0044623,0.009676549999999999
qa_quality_Qwen_Qwen2.5_3B_Instruct_hotpot_K3-4-5-6-8-10-12-14-16_topm20_n200_seed42.csv,3,graph,cosine,em,200,-0.005,-0.025,0.01
qa_quality_Qwen_Qwen2.5_3B_Instruct_hotpot_K3-4-5-6-8-10-12-14-16_topm20_n200_seed42.csv,3,graph,cosine,f1,200,-0.004041999999999997,-0.0225216875,0.013936699999999998
qa_quality_Qwen_Qwen2.5_3B_Instruct_hotpot_K3-4-5-6-8-10-12-14-16_topm20_n200_seed42.csv,3,adaptive,cosine,em,200,0.0,-0.02,0.02
qa_quality_Qwen_Qwen2.5_3B_Instruct_hotpot_K3-4-5-6-8-10-12-14-16_topm20_n200_seed42.csv,3,adaptive,cosine,f1,200,-0.007000500000000001,-0.0297721375,0.014923399999999993
qa_quality_Qwen_Qwen2.5_3B_Instruct_hotpot_K3-4-5-6-8-10-12-14-16_topm20_n200_seed42.csv,4,graph,cosine,em,200,-0.02,-0.045,0.0
qa_quality_Qwen_Qwen2.5_3B_Instruct_hotpot_K3-4-5-6-8-10-12-14-16_topm20_n200_seed42.csv,4,graph,cosine,f1,200,-0.0390855,-0.06645957499999999,-0.013273512500000006
qa_quality_Qwen_Qwen2.5_3B_Instruct_hotpot_K3-4-5-6-8-10-12-14-16_topm20_n200_seed42.csv,4,adaptive,cosine,em,200,-0.005,-0.03,0.02
qa_quality_Qwen_Qwen2.5_3B_Instruct_hotpot_K3-4-5-6-8-10-12-14-16_topm20_n200_seed42.csv,4,adaptive,cosine,f1,200,-0.009819999999999997,-0.0373604875,0.0176425375
qa_quality_Qwen_Qwen2.5_3B_Instruct_hotpot_K3-4-5-6-8-10-12-14-16_topm20_n200_seed42.csv,5,graph,cosine,em,200,-0.015,-0.045,0.015
qa_quality_Qwen_Qwen2.5_3B_Instruct_hotpot_K3-4-5-6-8-10-12-14-16_topm20_n200_seed42.csv,5,graph,cosine,f1,200,-0.024816999999999995,-0.05447201250000001,0.0019793999999999853
qa_quality_Qwen_Qwen2.5_3B_Instruct_hotpot_K3-4-5-6-8-10-12-14-16_topm20_n200_seed42.csv,5,adaptive,cosine,em,200,-0.015,-0.045,0.015
qa_quality_Qwen_Qwen2.5_3B_Instruct_hotpot_K3-4-5-6-8-10-12-14-16_topm20_n200_seed42.csv,5,adaptive,cosine,f1,200,-0.015153000000000003,-0.047111025,0.0159276125
qa_quality_Qwen_Qwen2.5_3B_Instruct_hotpot_K3-4-5-6-8-10-12-14-16_topm20_n200_seed42.csv,6,graph,cosine,em,200,-0.005,-0.03,0.02
qa_quality_Qwen_Qwen2.5_3B_Instruct_hotpot_K3-4-5-6-8-10-12-14-16_topm20_n200_seed42.csv,6,graph,cosine,f1,200,-0.009900500000000001,-0.0388496375,0.01815003749999998
qa_quality_Qwen_Qwen2.5_3B_Instruct_hotpot_K3-4-5-6-8-10-12-14-16_topm20_n200_seed42.csv,6,adaptive,cosine,em,200,-0.005,-0.035,0.03
qa_quality_Qwen_Qwen2.5_3B_Instruct_hotpot_K3-4-5-6-8-10-12-14-16_topm20_n200_seed42.csv,6,adaptive,cosine,f1,200,-0.0050570000000000025,-0.041666625000000006,0.031159149999999986
qa_quality_Qwen_Qwen2.5_3B_Instruct_hotpot_K3-4-5-6-8-10-12-14-16_topm20_n200_seed42.csv,8,graph,cosine,em,200,0.005,-0.025,0.035
qa_quality_Qwen_Qwen2.5_3B_Instruct_hotpot_K3-4-5-6-8-10-12-14-16_topm20_n200_seed42.csv,8,graph,cosine,f1,200,0.012683,-0.020284125,0.0456884875
qa_quality_Qwen_Qwen2.5_3B_Instruct_hotpot_K3-4-5-6-8-10-12-14-16_topm20_n200_seed42.csv,8,adaptive,cosine,em,200,-0.015,-0.05,0.015
qa_quality_Qwen_Qwen2.5_3B_Instruct_hotpot_K3-4-5-6-8-10-12-14-16_topm20_n200_seed42.csv,8,adaptive,cosine,f1,200,0.0038565,-0.03265905,0.03951981249999999
qa_quality_Qwen_Qwen2.5_3B_Instruct_hotpot_K3-4-5-6-8-10-12-14-16_topm20_n200_seed42.csv,10,graph,cosine,em,200,0.005,-0.01,0.025
qa_quality_Qwen_Qwen2.5_3B_Instruct_hotpot_K3-4-5-6-8-10-12-14-16_topm20_n200_seed42.csv,10,graph,cosine,f1,200,0.004795499999999999,-0.019206725,0.0288676875
qa_quality_Qwen_Qwen2.5_3B_Instruct_hotpot_K3-4-5-6-8-10-12-14-16_topm20_n200_seed42.csv,10,adaptive,cosine,em,200,0.02,0.0,0.045
qa_quality_Qwen_Qwen2.5_3B_Instruct_hotpot_K3-4-5-6-8-10-12-14-16_topm20_n200_seed42.csv,10,adaptive,cosine,f1,200,0.0289305,-0.0033687375000000007,0.06256564999999999
qa_quality_Qwen_Qwen2.5_3B_Instruct_hotpot_K3-4-5-6-8-10-12-14-16_topm20_n200_seed42.csv,12,graph,cosine,em,200,0.005,0.0,0.015
qa_quality_Qwen_Qwen2.5_3B_Instruct_hotpot_K3-4-5-6-8-10-12-14-16_topm20_n200_seed42.csv,12,graph,cosine,f1,200,-0.001927,-0.018574924999999996,0.016620574999999995
qa_quality_Qwen_Qwen2.5_3B_Instruct_hotpot_K3-4-5-6-8-10-12-14-16_topm20_n200_seed42.csv,12,adaptive,cosine,em,200,0.01,0.0,0.025
qa_quality_Qwen_Qwen2.5_3B_Instruct_hotpot_K3-4-5-6-8-10-12-14-16_topm20_n200_seed42.csv,12,adaptive,cosine,f1,200,0.007133,-0.0139984625,0.02936431249999999
qa_quality_Qwen_Qwen2.5_3B_Instruct_hotpot_K3-4-5-6-8-10-12-14-16_topm20_n200_seed42.csv,14,graph,cosine,em,200,0.0,0.0,0.0
qa_quality_Qwen_Qwen2.5_3B_Instruct_hotpot_K3-4-5-6-8-10-12-14-16_topm20_n200_seed42.csv,14,graph,cosine,f1,200,-0.008128,-0.022532012499999997,0.004147224999999997
qa_quality_Qwen_Qwen2.5_3B_Instruct_hotpot_K3-4-5-6-8-10-12-14-16_topm20_n200_seed42.csv,14,adaptive,cosine,em,200,0.005,0.0,0.015
qa_quality_Qwen_Qwen2.5_3B_Instruct_hotpot_K3-4-5-6-8-10-12-14-16_topm20_n200_seed42.csv,14,adaptive,cosine,f1,200,-0.0069445,-0.023613175,0.009422862499999993
qa_quality_Qwen_Qwen2.5_3B_Instruct_hotpot_K3-4-5-6-8-10-12-14-16_topm20_n200_seed42.csv,16,graph,cosine,em,200,0.0,0.0,0.0
qa_quality_Qwen_Qwen2.5_3B_Instruct_hotpot_K3-4-5-6-8-10-12-14-16_topm20_n200_seed42.csv,16,graph,cosine,f1,200,-0.0004059999999999997,-0.008435100000000001,0.007478637499999998
qa_quality_Qwen_Qwen2.5_3B_Instruct_hotpot_K3-4-5-6-8-10-12-14-16_topm20_n200_seed42.csv,16,adaptive,cosine,em,200,0.0,0.0,0.0
qa_quality_Qwen_Qwen2.5_3B_Instruct_hotpot_K3-4-5-6-8-10-12-14-16_topm20_n200_seed42.csv,16,adaptive,cosine,f1,200,-0.0023739999999999994,-0.010349750000000001,0.0059417499999999965
