source_file,k,policy,questions,mean_em,mean_f1
qa_quality_meta_llama_Llama_3.2_1B_Instruct_multifield_K3-6-8-12-16_topm20_n200_seed42.csv,3,cosine,150,0.11333333333333333,0.3322186666666667
qa_quality_meta_llama_Llama_3.2_1B_Instruct_multifield_K3-6-8-12-16_topm20_n200_seed42.csv,3,graph,150,0.09333333333333334,0.32744533333333337
qa_quality_meta_llama_Llama_3.2_1B_Instruct_multifield_K3-6-8-12-16_topm20_n200_seed42.csv,3,adaptive,150,0.08,0.3052493333333334
qa_quality_meta_llama_Llama_3.2_1B_Instruct_multifield_K3-6-8-12-16_topm20_n200_seed42.csv,6,cosine,150,0.11333333333333333,0.34253933333333336
qa_quality_meta_llama_Llama_3.2_1B_Instruct_multifield_K3-6-8-12-16_topm20_n200_seed42.csv,6,graph,150,0.12666666666666668,0.3505353333333333
qa_quality_meta_llama_Llama_3.2_1B_Instruct_multifield_K3-6-8-12-16_topm20_n200_seed42.csv,6,adaptive,150,0.10666666666666667,0.3310146666666667
qa_quality_meta_llama_Llama_3.2_1B_Instruct_multifield_K3-6-8-12-16_topm20_n200_seed42.csv,8,cosine,150,0.08666666666666667,0.31938933333333336
qa_quality_meta_llama_Llama_3.2_1B_Instruct_multifield_K3-6-8-12-16_topm20_n200_seed42.csv,8,graph,150,0.12,0.3217253333333333
qa_quality_meta_llama_Llama_3.2_1B_Instruct_multifield_K3-6-8-12-16_topm20_n200_seed42.csv,8,adaptive,150,0.10666666666666667,0.34216866666666673
qa_quality_meta_llama_Llama_3.2_1B_Instruct_multifield_K3-6-8-12-16_topm20_n200_seed42.csv,12,cosine,150,0.02,0.11938466666666665
qa_quality_meta_llama_Llama_3.2_1B_Instruct_multifield_K3-6-8-12-16_topm20_n200_seed42.csv,12,graph,150,0.02,0.12353333333333334
qa_quality_meta_llama_Llama_3.2_1B_Instruct_multifield_K3-6-8-12-16_topm20_n200_seed42.csv,12,adaptive,150,0.006666666666666667,0.144768
qa_quality_meta_llama_Llama_3.2_1B_Instruct_multifield_K3-6-8-12-16_topm20_n200_seed42.csv,16,cosine,150,0.0,0.06961466666666666
qa_quality_meta_llama_Llama_3.2_1B_Instruct_multifield_K3-6-8-12-16_topm20_n200_seed42.csv,16,graph,150,0.0,0.06819133333333333
qa_quality_meta_llama_Llama_3.2_1B_Instruct_multifield_K3-6-8-12-16_topm20_n200_seed42.csv,16,adaptive,150,0.0,0.07021733333333333
qa_quality_meta_llama_Llama_3.2_1B_Instruct_musique_K3-4-5-6-8-10-12-14-16_topm20_n200_seed42.csv,3,cosine,200,0.075,0.134128
qa_quality_meta_llama_Llama_3.2_1B_Instruct_musique_K3-4-5-6-8-10-12-14-16_topm20_n200_seed42.csv,3,graph,200,0.075,0.143859
qa_quality_meta_llama_Llama_3.2_1B_Instruct_musique_K3-4-5-6-8-10-12-14-16_topm20_n200_seed42.csv,3,adaptive,200,0.045,0.115043
qa_quality_meta_llama_Llama_3.2_1B_Instruct_musique_K3-4-5-6-8-10-12-14-16_topm20_n200_seed42.csv,4,cosine,200,0.095,0.16027249999999998
qa_quality_meta_llama_Llama_3.2_1B_Instruct_musique_K3-4-5-6-8-10-12-14-16_topm20_n200_seed42.csv,4,graph,200,0.08,0.14131349999999998
qa_quality_meta_llama_Llama_3.2_1B_Instruct_musique_K3-4-5-6-8-10-12-14-16_topm20_n200_seed42.csv,4,adaptive,200,0.04,0.11177350000000001
qa_quality_meta_llama_Llama_3.2_1B_Instruct_musique_K3-4-5-6-8-10-12-14-16_topm20_n200_seed42.csv,5,cosine,200,0.085,0.14332899999999998
qa_quality_meta_llama_Llama_3.2_1B_Instruct_musique_K3-4-5-6-8-10-12-14-16_topm20_n200_seed42.csv,5,graph,200,0.08,0.145442
qa_quality_meta_llama_Llama_3.2_1B_Instruct_musique_K3-4-5-6-8-10-12-14-16_topm20_n200_seed42.csv,5,adaptive,200,0.05,0.12379200000000001
qa_quality_meta_llama_Llama_3.2_1B_Instruct_musique_K3-4-5-6-8-10-12-14-16_topm20_n200_seed42.csv,6,cosine,200,0.115,0.17688699999999996
qa_quality_meta_llama_Llama_3.2_1B_Instruct_musique_K3-4-5-6-8-10-12-14-16_topm20_n200_seed42.csv,6,graph,200,0.09,0.1633455
qa_quality_meta_llama_Llama_3.2_1B_Instruct_musique_K3-4-5-6-8-10-12-14-16_topm20_n200_seed42.csv,6,adaptive,200,0.055,0.12499600000000001
qa_quality_meta_llama_Llama_3.2_1B_Instruct_musique_K3-4-5-6-8-10-12-14-16_topm20_n200_seed42.csv,8,cosine,200,0.105,0.165017
qa_quality_meta_llama_Llama_3.2_1B_Instruct_musique_K3-4-5-6-8-10-12-14-16_topm20_n200_seed42.csv,8,graph,200,0.085,0.1553525
qa_quality_meta_llama_Llama_3.2_1B_Instruct_musique_K3-4-5-6-8-10-12-14-16_topm20_n200_seed42.csv,8,adaptive,200,0.065,0.12317249999999999
qa_quality_meta_llama_Llama_3.2_1B_Instruct_musique_K3-4-5-6-8-10-12-14-16_topm20_n200_seed42.csv,10,cosine,200,0.045,0.09689199999999999
qa_quality_meta_llama_Llama_3.2_1B_Instruct_musique_K3-4-5-6-8-10-12-14-16_topm20_n200_seed42.csv,10,graph,200,0.045,0.094445
qa_quality_meta_llama_Llama_3.2_1B_Instruct_musique_K3-4-5-6-8-10-12-14-16_topm20_n200_seed42.csv,10,adaptive,200,0.06,0.10266650000000001
qa_quality_meta_llama_Llama_3.2_1B_Instruct_musique_K3-4-5-6-8-10-12-14-16_topm20_n200_seed42.csv,12,cosine,200,0.025,0.05618600000000001
qa_quality_meta_llama_Llama_3.2_1B_Instruct_musique_K3-4-5-6-8-10-12-14-16_topm20_n200_seed42.csv,12,graph,200,0.01,0.032262
qa_quality_meta_llama_Llama_3.2_1B_Instruct_musique_K3-4-5-6-8-10-12-14-16_topm20_n200_seed42.csv,12,adaptive,200,0.01,0.040211500000000004
qa_quality_meta_llama_Llama_3.2_1B_Instruct_musique_K3-4-5-6-8-10-12-14-16_topm20_n200_seed42.csv,14,cosine,200,0.005,0.025839499999999998
qa_quality_meta_llama_Llama_3.2_1B_Instruct_musique_K3-4-5-6-8-10-12-14-16_topm20_n200_seed42.csv,14,graph,200,0.0,0.020166499999999997
qa_quality_meta_llama_Llama_3.2_1B_Instruct_musique_K3-4-5-6-8-10-12-14-16_topm20_n200_seed42.csv,14,adaptive,200,0.0,0.016446500000000003
qa_quality_meta_llama_Llama_3.2_1B_Instruct_musique_K3-4-5-6-8-10-12-14-16_topm20_n200_seed42.csv,16,cosine,200,0.005,0.025721499999999998
qa_quality_meta_llama_Llama_3.2_1B_Instruct_musique_K3-4-5-6-8-10-12-14-16_topm20_n200_seed42.csv,16,graph,200,0.0,0.020166499999999997
qa_quality_meta_llama_Llama_3.2_1B_Instruct_musique_K3-4-5-6-8-10-12-14-16_topm20_n200_seed42.csv,16,adaptive,200,0.005,0.0188515
qa_quality_Qwen_Qwen2.5_1.5B_Instruct_hotpot_K3-4-5-6-8-10-12-14-16_topm20_n200_seed42.csv,3,cosine,200,0.085,0.152662
qa_quality_Qwen_Qwen2.5_1.5B_Instruct_hotpot_K3-4-5-6-8-10-12-14-16_topm20_n200_seed42.csv,3,graph,200,0.085,0.15482449999999998
qa_quality_Qwen_Qwen2.5_1.5B_Instruct_hotpot_K3-4-5-6-8-10-12-14-16_topm20_n200_seed42.csv,3,adaptive,200,0.085,0.158113
qa_quality_Qwen_Qwen2.5_1.5B_Instruct_hotpot_K3-4-5-6-8-10-12-14-16_topm20_n200_seed42.csv,4,cosine,200,0.095,0.17351499999999997
qa_quality_Qwen_Qwen2.5_1.5B_Instruct_hotpot_K3-4-5-6-8-10-12-14-16_topm20_n200_seed42.csv,4,graph,200,0.08,0.1569465
qa_quality_Qwen_Qwen2.5_1.5B_Instruct_hotpot_K3-4-5-6-8-10-12-14-16_topm20_n200_seed42.csv,4,adaptive,200,0.1,0.17456600000000003
qa_quality_Qwen_Qwen2.5_1.5B_Instruct_hotpot_K3-4-5-6-8-10-12-14-16_topm20_n200_seed42.csv,5,cosine,200,0.11,0.1865345
qa_quality_Qwen_Qwen2.5_1.5B_Instruct_hotpot_K3-4-5-6-8-10-12-14-16_topm20_n200_seed42.csv,5,graph,200,0.075,0.14762699999999998
qa_quality_Qwen_Qwen2.5_1.5B_Instruct_hotpot_K3-4-5-6-8-10-12-14-16_topm20_n200_seed42.csv,5,adaptive,200,0.09,0.1662245
qa_quality_Qwen_Qwen2.5_1.5B_Instruct_hotpot_K3-4-5-6-8-10-12-14-16_topm20_n200_seed42.csv,6,cosine,200,0.12,0.2012895
qa_quality_Qwen_Qwen2.5_1.5B_Instruct_hotpot_K3-4-5-6-8-10-12-14-16_topm20_n200_seed42.csv,6,graph,200,0.08,0.1666705
qa_quality_Qwen_Qwen2.5_1.5B_Instruct_hotpot_K3-4-5-6-8-10-12-14-16_topm20_n200_seed42.csv,6,adaptive,200,0.1,0.176226
qa_quality_Qwen_Qwen2.5_1.5B_Instruct_hotpot_K3-4-5-6-8-10-12-14-16_topm20_n200_seed42.csv,8,cosine,200,0.13,0.20634700000000003
qa_quality_Qwen_Qwen2.5_1.5B_Instruct_hotpot_K3-4-5-6-8-10-12-14-16_topm20_n200_seed42.csv,8,graph,200,0.09,0.15982149999999998
qa_quality_Qwen_Qwen2.5_1.5B_Instruct_hotpot_K3-4-5-6-8-10-12-14-16_topm20_n200_seed42.csv,8,adaptive,200,0.095,0.181937
qa_quality_Qwen_Qwen2.5_1.5B_Instruct_hotpot_K3-4-5-6-8-10-12-14-16_topm20_n200_seed42.csv,10,cosine,200,0.045,0.0925
qa_quality_Qwen_Qwen2.5_1.5B_Instruct_hotpot_K3-4-5-6-8-10-12-14-16_topm20_n200_seed42.csv,10,graph,200,0.045,0.0909615
qa_quality_Qwen_Qwen2.5_1.5B_Instruct_hotpot_K3-4-5-6-8-10-12-14-16_topm20_n200_seed42.csv,10,adaptive,200,0.07,0.1390865
qa_quality_Qwen_Qwen2.5_1.5B_Instruct_hotpot_K3-4-5-6-8-10-12-14-16_topm20_n200_seed42.csv,12,cosine,200,0.005,0.032305
qa_quality_Qwen_Qwen2.5_1.5B_Instruct_hotpot_K3-4-5-6-8-10-12-14-16_topm20_n200_seed42.csv,12,graph,200,0.01,0.033598
qa_quality_Qwen_Qwen2.5_1.5B_Instruct_hotpot_K3-4-5-6-8-10-12-14-16_topm20_n200_seed42.csv,12,adaptive,200,0.01,0.0480035
qa_quality_Qwen_Qwen2.5_1.5B_Instruct_hotpot_K3-4-5-6-8-10-12-14-16_topm20_n200_seed42.csv,14,cosine,200,0.0,0.0186975
qa_quality_Qwen_Qwen2.5_1.5B_Instruct_hotpot_K3-4-5-6-8-10-12-14-16_topm20_n200_seed42.csv,14,graph,200,0.005,0.023451
qa_quality_Qwen_Qwen2.5_1.5B_Instruct_hotpot_K3-4-5-6-8-10-12-14-16_topm20_n200_seed42.csv,14,adaptive,200,0.005,0.0255185
qa_quality_Qwen_Qwen2.5_1.5B_Instruct_hotpot_K3-4-5-6-8-10-12-14-16_topm20_n200_seed42.csv,16,cosine,200,0.0,0.016705499999999998
qa_quality_Qwen_Qwen2.5_1.5B_Instruct_hotpot_K3-4-5-6-8-10-12-14-16_topm20_n200_seed42.csv,16,graph,200,0.0,0.018451
qa_quality_Qwen_Qwen2.5_1.5B_Instruct_hotpot_K3-4-5-6-8-10-12-14-16_topm20_n200_seed42.csv,16,adaptive,200,0.0,0.019287
qa_quality_Qwen_Qwen2.5_3B_Instruct_hotpot_K3-4-5-6-8-10-12-14-16_topm20_n200_seed42.csv,3,cosine,200,0.015,0.086049
qa_quality_Qwen_Qwen2.5_3B_Instruct_hotpot_K3-4-5-6-8-10-12-14-16_topm20_n200_seed42.csv,3,graph,200,0.01,0.082007
qa_quality_Qwen_Qwen2.5_3B_Instruct_hotpot_K3-4-5-6-8-10-12-14-16_topm20_n200_seed42.csv,3,adaptive,200,0.015,0.0790485
qa_quality_Qwen_Qwen2.5_3B_Instruct_hotpot_K3-4-5-6-8-10-12-14-16_topm20_n200_seed42.csv,4,cosine,200,0.025,0.11369349999999999
qa_quality_Qwen_Qwen2.5_3B_Instruct_hotpot_K3-4-5-6-8-10-12-14-16_topm20_n200_seed42.csv,4,graph,200,0.005,0.074608
qa_quality_Qwen_Qwen2.5_3B_Instruct_hotpot_K3-4-5-6-8-10-12-14-16_topm20_n200_seed42.csv,4,adaptive,200,0.02,0.1038735
qa_quality_Qwen_Qwen2.5_3B_Instruct_hotpot_K3-4-5-6-8-10-12-14-16_topm20_n200_seed42.csv,5,cosine,200,0.04,0.1225355
qa_quality_Qwen_Qwen2.5_3B_Instruct_hotpot_K3-4-5-6-8-10-12-14-16_topm20_n200_seed42.csv,5,graph,200,0.025,0.0977185
qa_quality_Qwen_Qwen2.5_3B_Instruct_hotpot_K3-4-5-6-8-10-12-14-16_topm20_n200_seed42.csv,5,adaptive,200,0.025,0.10738249999999999
qa_quality_Qwen_Qwen2.5_3B_Instruct_hotpot_K3-4-5-6-8-10-12-14-16_topm20_n200_seed42.csv,6,cosine,200,0.045,0.12572399999999997
qa_quality_Qwen_Qwen2.5_3B_Instruct_hotpot_K3-4-5-6-8-10-12-14-16_topm20_n200_seed42.csv,6,graph,200,0.04,0.1158235
qa_quality_Qwen_Qwen2.5_3B_Instruct_hotpot_K3-4-5-6-8-10-12-14-16_topm20_n200_seed42.csv,6,adaptive,200,0.04,0.120667
qa_quality_Qwen_Qwen2.5_3B_Instruct_hotpot_K3-4-5-6-8-10-12-14-16_topm20_n200_seed42.csv,8,cosine,200,0.05,0.1211265
qa_quality_Qwen_Qwen2.5_3B_Instruct_hotpot_K3-4-5-6-8-10-12-14-16_topm20_n200_seed42.csv,8,graph,200,0.055,0.1338095
qa_quality_Qwen_Qwen2.5_3B_Instruct_hotpot_K3-4-5-6-8-10-12-14-16_topm20_n200_seed42.csv,8,adaptive,200,0.035,0.12498300000000001
qa_quality_Qwen_Qwen2.5_3B_Instruct_hotpot_K3-4-5-6-8-10-12-14-16_topm20_n200_seed42.csv,10,cosine,200,0.015,0.072519
qa_quality_Qwen_Qwen2.5_3B_Instruct_hotpot_K3-4-5-6-8-10-12-14-16_topm20_n200_seed42.csv,10,graph,200,0.02,0.07731450000000001
qa_quality_Qwen_Qwen2.5_3B_Instruct_hotpot_K3-4-5-6-8-10-12-14-16_topm20_n200_seed42.csv,10,adaptive,200,0.035,0.10144950000000001
qa_quality_Qwen_Qwen2.5_3B_Instruct_hotpot_K3-4-5-6-8-10-12-14-16_topm20_n200_seed42.csv,12,cosine,200,0.0,0.036683
qa_quality_Qwen_Qwen2.5_3B_Instruct_hotpot_K3-4-5-6-8-10-12-14-16_topm20_n200_seed42.csv,12,graph,200,0.005,0.034755999999999995
qa_quality_Qwen_Qwen2.5_3B_Instruct_hotpot_K3-4-5-6-8-10-12-14-16_topm20_n200_seed42.csv,12,adaptive,200,0.01,0.043815999999999994
qa_quality_Qwen_Qwen2.5_3B_Instruct_hotpot_K3-4-5-6-8-10-12-14-16_topm20_n200_seed42.csv,14,cosine,200,0.0,0.0318625
qa_quality_Qwen_Qwen2.5_3B_Instruct_hotpot_K3-4-5-6-8-10-12-14-16_topm20_n200_seed42.csv,14,graph,200,0.0,0.023734500000000002
qa_quality_Qwen_Qwen2.5_3B_Instruct_hotpot_K3-4-5-6-8-10-12-14-16_topm20_n200_seed42.csv,14,adaptive,200,0.005,0.024918
qa_quality_Qwen_Qwen2.5_3B_Instruct_hotpot_K3-4-5-6-8-10-12-14-16_topm20_n200_seed42.csv,16,cosine,200,0.0,0.022471
qa_quality_Qwen_Qwen2.5_3B_Instruct_hotpot_K3-4-5-6-8-10-12-14-16_topm20_n200_seed42.csv,16,graph,200,0.0,0.022065
qa_quality_Qwen_Qwen2.5_3B_Instruct_hotpot_K3-4-5-6-8-10-12-14-16_topm20_n200_seed42.csv,16,adaptive,200,0.0,0.020096999999999997
