policy,m,k,mode,lead_ms,control,metric,paired_events,independent_blocks,mean_delta,ci_low,ci_high,estimand
cosine,20,10,async,1000.0,no_prefetch,arrival_to_first_token_ms,60,2,-28.793322516666663,-32.4845488,-25.10209623333333,equal-block mean; descriptive if blocks share source records
cosine,20,10,async,1000.0,no_prefetch,target_service_ttft_ms,60,2,-28.798543683333335,-32.4800874,-25.116999966666665,equal-block mean; descriptive if blocks share source records
cosine,20,10,async,1000.0,no_prefetch,application_to_first_token_ms,60,2,10.903172983333324,6.869096633333341,14.937249333333307,equal-block mean; descriptive if blocks share source records
cosine,20,10,async,1000.0,no_prefetch,application_with_policy_ms,60,2,11.264843516666621,7.209117766666615,15.320569266666629,equal-block mean; descriptive if blocks share source records
cosine,20,10,async,1000.0,no_prefetch,cycle_including_drain_ms,60,2,11.064798933333346,7.014906933333335,15.114690933333357,equal-block mean; descriptive if blocks share source records
cosine,20,10,async,1000.0,cosine,arrival_to_first_token_ms,60,2,0.0,0.0,0.0,equal-block mean; descriptive if blocks share source records
cosine,20,10,async,1000.0,cosine,target_service_ttft_ms,60,2,0.0,0.0,0.0,equal-block mean; descriptive if blocks share source records
cosine,20,10,async,1000.0,cosine,application_to_first_token_ms,60,2,0.0,0.0,0.0,equal-block mean; descriptive if blocks share source records
cosine,20,10,async,1000.0,cosine,application_with_policy_ms,60,2,0.0,0.0,0.0,equal-block mean; descriptive if blocks share source records
cosine,20,10,async,1000.0,cosine,cycle_including_drain_ms,60,2,0.0,0.0,0.0,equal-block mean; descriptive if blocks share source records
cosine,20,10,async,1250.0,no_prefetch,arrival_to_first_token_ms,60,2,-30.906332983333332,-33.471510699999996,-28.341155266666668,equal-block mean; descriptive if blocks share source records
cosine,20,10,async,1250.0,no_prefetch,target_service_ttft_ms,60,2,-30.92292273333333,-33.4811742,-28.364671266666665,equal-block mean; descriptive if blocks share source records
cosine,20,10,async,1250.0,no_prefetch,application_to_first_token_ms,60,2,2.3074193666666853,-1.748121466666665,6.362960200000035,equal-block mean; descriptive if blocks share source records
cosine,20,10,async,1250.0,no_prefetch,application_with_policy_ms,60,2,2.61720639999999,-1.4534575666666796,6.68787036666666,equal-block mean; descriptive if blocks share source records
cosine,20,10,async,1250.0,no_prefetch,cycle_including_drain_ms,60,2,2.4277348666666625,-1.630304966666669,6.485774699999994,equal-block mean; descriptive if blocks share source records
cosine,20,10,async,1250.0,cosine,arrival_to_first_token_ms,60,2,0.0,0.0,0.0,equal-block mean; descriptive if blocks share source records
cosine,20,10,async,1250.0,cosine,target_service_ttft_ms,60,2,0.0,0.0,0.0,equal-block mean; descriptive if blocks share source records
cosine,20,10,async,1250.0,cosine,application_to_first_token_ms,60,2,0.0,0.0,0.0,equal-block mean; descriptive if blocks share source records
cosine,20,10,async,1250.0,cosine,application_with_policy_ms,60,2,0.0,0.0,0.0,equal-block mean; descriptive if blocks share source records
cosine,20,10,async,1250.0,cosine,cycle_including_drain_ms,60,2,0.0,0.0,0.0,equal-block mean; descriptive if blocks share source records
offline,20,10,async,1000.0,no_prefetch,arrival_to_first_token_ms,60,2,-32.4123939,-33.47820263333333,-31.346585166666667,equal-block mean; descriptive if blocks share source records
offline,20,10,async,1000.0,no_prefetch,target_service_ttft_ms,60,2,-32.40754715,-33.47176146666667,-31.34333283333333,equal-block mean; descriptive if blocks share source records
offline,20,10,async,1000.0,no_prefetch,application_to_first_token_ms,60,2,1.9839434833333371,-2.1030337666666736,6.070920733333348,equal-block mean; descriptive if blocks share source records
offline,20,10,async,1000.0,no_prefetch,application_with_policy_ms,60,2,4.74335138333333,0.512776333333333,8.973926433333327,equal-block mean; descriptive if blocks share source records
offline,20,10,async,1000.0,no_prefetch,cycle_including_drain_ms,60,2,2.1465195000000037,-1.92635163333332,6.219390633333327,equal-block mean; descriptive if blocks share source records
offline,20,10,async,1000.0,cosine,arrival_to_first_token_ms,60,2,-3.6190713833333326,-6.244488933333333,-0.9936538333333325,equal-block mean; descriptive if blocks share source records
offline,20,10,async,1000.0,cosine,target_service_ttft_ms,60,2,-3.609003466666666,-6.226332866666666,-0.9916740666666665,equal-block mean; descriptive if blocks share source records
offline,20,10,async,1000.0,cosine,application_to_first_token_ms,60,2,-8.919229499999986,-17.04028309999998,-0.7981758999999935,equal-block mean; descriptive if blocks share source records
offline,20,10,async,1000.0,cosine,application_with_policy_ms,60,2,-6.521492133333292,-14.807792933333296,1.7648086666667118,equal-block mean; descriptive if blocks share source records
offline,20,10,async,1000.0,cosine,cycle_including_drain_ms,60,2,-8.918279433333344,-17.04104256666668,-0.7955163000000084,equal-block mean; descriptive if blocks share source records
offline,20,10,async,1250.0,no_prefetch,arrival_to_first_token_ms,60,2,-31.8623446,-35.97503146666667,-27.749657733333333,equal-block mean; descriptive if blocks share source records
offline,20,10,async,1250.0,no_prefetch,target_service_ttft_ms,60,2,-31.866555249999998,-35.974613999999995,-27.758496499999996,equal-block mean; descriptive if blocks share source records
offline,20,10,async,1250.0,no_prefetch,application_to_first_token_ms,60,2,-6.6899772333333285,-8.954138633333333,-4.425815833333323,equal-block mean; descriptive if blocks share source records
offline,20,10,async,1250.0,no_prefetch,application_with_policy_ms,60,2,-3.984640750000013,-6.310074766666707,-1.6592067333333185,equal-block mean; descriptive if blocks share source records
offline,20,10,async,1250.0,no_prefetch,cycle_including_drain_ms,60,2,-6.540832766666669,-8.810903000000023,-4.270762533333315,equal-block mean; descriptive if blocks share source records
offline,20,10,async,1250.0,cosine,arrival_to_first_token_ms,60,2,-0.956011616666667,-2.503520766666667,0.5914975333333331,equal-block mean; descriptive if blocks share source records
offline,20,10,async,1250.0,cosine,target_service_ttft_ms,60,2,-0.9436325166666666,-2.4934398,0.6061747666666667,equal-block mean; descriptive if blocks share source records
offline,20,10,async,1250.0,cosine,application_to_first_token_ms,60,2,-8.997396600000013,-15.317098833333368,-2.6776943666666586,equal-block mean; descriptive if blocks share source records
offline,20,10,async,1250.0,cosine,application_with_policy_ms,60,2,-6.601847150000003,-12.997945133333367,-0.20574916666663892,equal-block mean; descriptive if blocks share source records
offline,20,10,async,1250.0,cosine,cycle_including_drain_ms,60,2,-8.96856763333333,-15.296677700000016,-2.640457566666646,equal-block mean; descriptive if blocks share source records
online,20,10,async,1000.0,no_prefetch,arrival_to_first_token_ms,60,2,-34.599585733333335,-36.69848796666667,-32.5006835,equal-block mean; descriptive if blocks share source records
online,20,10,async,1000.0,no_prefetch,target_service_ttft_ms,60,2,-34.59650883333333,-36.690029366666664,-32.5029883,equal-block mean; descriptive if blocks share source records
online,20,10,async,1000.0,no_prefetch,application_to_first_token_ms,60,2,1.578565133333325,-4.176958999999996,7.334089266666646,equal-block mean; descriptive if blocks share source records
online,20,10,async,1000.0,no_prefetch,application_with_policy_ms,60,2,4.3117290999999724,-1.3952729333333689,10.018731133333313,equal-block mean; descriptive if blocks share source records
online,20,10,async,1000.0,no_prefetch,cycle_including_drain_ms,60,2,1.7281311000000072,-4.033996200000002,7.490258400000016,equal-block mean; descriptive if blocks share source records
online,20,10,async,1000.0,cosine,arrival_to_first_token_ms,60,2,-5.806263216666667,-7.398587266666667,-4.213939166666667,equal-block mean; descriptive if blocks share source records
online,20,10,async,1000.0,cosine,target_service_ttft_ms,60,2,-5.79796515,-7.385988333333333,-4.209941966666666,equal-block mean; descriptive if blocks share source records
online,20,10,async,1000.0,cosine,application_to_first_token_ms,60,2,-9.32460785,-11.046055633333337,-7.603160066666661,equal-block mean; descriptive if blocks share source records
online,20,10,async,1000.0,cosine,application_with_policy_ms,60,2,-6.95311441666665,-8.604390699999984,-5.301838133333316,equal-block mean; descriptive if blocks share source records
online,20,10,async,1000.0,cosine,cycle_including_drain_ms,60,2,-9.336667833333339,-11.048903133333337,-7.624432533333342,equal-block mean; descriptive if blocks share source records
online,20,10,async,1250.0,no_prefetch,arrival_to_first_token_ms,60,2,-33.70742423333333,-34.60027219999999,-32.81457626666666,equal-block mean; descriptive if blocks share source records
online,20,10,async,1250.0,no_prefetch,target_service_ttft_ms,60,2,-33.7123239,-34.591260399999996,-32.8333874,equal-block mean; descriptive if blocks share source records
online,20,10,async,1250.0,no_prefetch,application_to_first_token_ms,60,2,7.29203536666663,-9.51499270000004,24.0990634333333,equal-block mean; descriptive if blocks share source records
online,20,10,async,1250.0,no_prefetch,application_with_policy_ms,60,2,9.928251916666659,-6.886671333333349,26.743175166666667,equal-block mean; descriptive if blocks share source records
online,20,10,async,1250.0,no_prefetch,cycle_including_drain_ms,60,2,7.415830499999992,-9.410718966666666,24.24237996666665,equal-block mean; descriptive if blocks share source records
online,20,10,async,1250.0,cosine,arrival_to_first_token_ms,60,2,-2.80109125,-4.473421,-1.128761499999999,equal-block mean; descriptive if blocks share source records
online,20,10,async,1250.0,cosine,target_service_ttft_ms,60,2,-2.7894011666666665,-4.468716133333333,-1.1100861999999994,equal-block mean; descriptive if blocks share source records
online,20,10,async,1250.0,cosine,application_to_first_token_ms,60,2,4.984615999999945,-7.766871233333374,17.736103233333264,equal-block mean; descriptive if blocks share source records
online,20,10,async,1250.0,cosine,application_with_policy_ms,60,2,7.311045516666669,-5.433213766666669,20.055304800000005,equal-block mean; descriptive if blocks share source records
online,20,10,async,1250.0,cosine,cycle_including_drain_ms,60,2,4.98809563333333,-7.780413999999996,17.756605266666657,equal-block mean; descriptive if blocks share source records
